{
    "ZPWD_072_SD_INFOBASICA": {
        "request": {
            "BUKRS": "",
            "VKORG": "",
            "KUNNR": "10172940-0",
            "format": "json",
            "sap-language": "ES"
        },
        "response": {
            "EMAIL": "no registra.",
            "TEL_MOVIL": "25163531",
            "T_ADRC": {
                "CLIENT": "300",
                "ADDRNUMBER": "0000670344",
                "DATE_FROM": "0001-01-01",
                "NATION": "",
                "DATE_TO": "9999-12-31",
                "TITLE": "0002",
                "NAME1": "JOSE REYES BARAHONA",
                "NAME2": "",
                "NAME3": "",
                "NAME4": "",
                "NAME_TEXT": "",
                "NAME_CO": "",
                "CITY1": "",
                "CITY2": "",
                "CITY_CODE": "",
                "CITYP_CODE": "",
                "HOME_CITY": "",
                "CITYH_CODE": "",
                "CHCKSTATUS": "",
                "REGIOGROUP": "",
                "POST_CODE1": "",
                "POST_CODE2": "",
                "POST_CODE3": "",
                "PCODE1_EXT": "",
                "PCODE2_EXT": "",
                "PCODE3_EXT": "",
                "PO_BOX": "",
                "DONT_USE_P": "",
                "PO_BOX_NUM": "",
                "PO_BOX_LOC": "",
                "CITY_CODE2": "",
                "PO_BOX_REG": "",
                "PO_BOX_CTY": "",
                "POSTALAREA": "",
                "TRANSPZONE": "",
                "STREET": "ANTIGUO CAMINO A COQUIMBO S/N",
                "DONT_USE_S": "",
                "STREETCODE": "",
                "STREETABBR": "",
                "HOUSE_NUM1": "",
                "HOUSE_NUM2": "",
                "HOUSE_NUM3": "",
                "STR_SUPPL1": "",
                "STR_SUPPL2": "",
                "STR_SUPPL3": "PARTICULAR",
                "LOCATION": "",
                "BUILDING": "",
                "FLOOR": "",
                "ROOMNUMBER": "",
                "COUNTRY": "CL",
                "LANGU": "S",
                "REGION": "13",
                "ADDR_GROUP": "BP",
                "FLAGGROUPS": "",
                "PERS_ADDR": "",
                "SORT1": "10172940-0",
                "SORT2": "",
                "SORT_PHN": "",
                "DEFLT_COMM": "",
                "TEL_NUMBER": "0",
                "TEL_EXTENS": "",
                "FAX_NUMBER": "",
                "FAX_EXTENS": "",
                "FLAGCOMM2": "X",
                "FLAGCOMM3": "",
                "FLAGCOMM4": "",
                "FLAGCOMM5": "",
                "FLAGCOMM6": "X",
                "FLAGCOMM7": "",
                "FLAGCOMM8": "",
                "FLAGCOMM9": "",
                "FLAGCOMM10": "",
                "FLAGCOMM11": "",
                "FLAGCOMM12": "",
                "FLAGCOMM13": "",
                "ADDRORIGIN": "",
                "MC_NAME1": "JOSE REYES BARAHONA",
                "MC_CITY1": "",
                "MC_STREET": "ANTIGUO CAMINO A COQUIMBO",
                "EXTENSION1": "",
                "EXTENSION2": "",
                "TIME_ZONE": "CHILE",
                "TAXJURCODE": "",
                "ADDRESS_ID": "",
                "LANGU_CREA": "S",
                "ADRC_UUID": "0x00000000000000000000000000000000",
                "UUID_BELATED": "",
                "ID_CATEGORY": "",
                "ADRC_ERR_STATUS": "",
                "PO_BOX_LOBBY": "",
                "DELI_SERV_TYPE": "",
                "DELI_SERV_NUMBER": "",
                "COUNTY_CODE": "",
                "COUNTY": "",
                "TOWNSHIP_CODE": "",
                "TOWNSHIP": "",
                "MC_COUNTY": "",
                "MC_TOWNSHIP": "",
                "XPCPT": "",
                "DUNS": "",
                "DUNSP4": ""
            },
            "T_ADRCT": {
                "CLIENT": "",
                "ADDRNUMBER": "",
                "DATE_FROM": "0000-00-00",
                "NATION": "",
                "LANGU": "",
                "REMARK": ""
            },
            "T_KNA1": {
                "MANDT": "300",
                "KUNNR": "10172940-0",
                "LAND1": "CL",
                "NAME1": "JOSE REYES BARAHONA",
                "NAME2": "",
                "ORT01": "",
                "PSTLZ": "",
                "REGIO": "13",
                "SORTL": "10172940-0",
                "STRAS": "ANTIGUO CAMINO A COQUIMBO S/N",
                "TELF1": "0",
                "TELFX": "",
                "XCPDK": "",
                "ADRNR": "0000670344",
                "MCOD1": "JOSE REYES BARAHONA",
                "MCOD2": "",
                "MCOD3": "",
                "ANRED": "Señor",
                "AUFSD": "",
                "BAHNE": "",
                "BAHNS": "",
                "BBBNR": "0000000",
                "BBSNR": "00000",
                "BEGRU": "",
                "BRSCH": "0001",
                "BUBKZ": "0",
                "DATLT": "",
                "ERDAT": "2016-03-09",
                "ERNAM": "JSOTO",
                "EXABL": "",
                "FAKSD": "",
                "FISKN": "",
                "KNAZK": "",
                "KNRZA": "",
                "KONZS": "",
                "KTOKD": "Z001",
                "KUKLA": "00",
                "LIFNR": "",
                "LIFSD": "",
                "LOCCO": "",
                "LOEVM": "",
                "NAME3": "",
                "NAME4": "",
                "NIELS": "",
                "ORT02": "",
                "PFACH": "",
                "PSTL2": "",
                "COUNC": "46",
                "CITYC": "291",
                "RPMKR": "",
                "SPERR": "",
                "SPRAS": "S",
                "STCD1": "10172940-0",
                "STCD2": "",
                "STKZA": "",
                "STKZU": "",
                "TELBX": "",
                "TELF2": "",
                "TELTX": "",
                "TELX1": "",
                "LZONE": "",
                "XZEMP": "",
                "VBUND": "",
                "STCEG": "",
                "DEAR1": "",
                "DEAR2": "",
                "DEAR3": "",
                "DEAR4": "",
                "DEAR5": "",
                "GFORM": "",
                "BRAN1": "0001",
                "BRAN2": "",
                "BRAN3": "",
                "BRAN4": "",
                "BRAN5": "",
                "EKONT": "",
                "UMSAT": 0.00,
                "UMJAH": "0000",
                "UWAER": "",
                "JMZAH": "000000",
                "JMJAH": "0000",
                "KATR1": "",
                "KATR2": "",
                "KATR3": "",
                "KATR4": "",
                "KATR5": "",
                "KATR6": "",
                "KATR7": "",
                "KATR8": "",
                "KATR9": "",
                "KATR10": "",
                "STKZN": "",
                "UMSA1": 0.00,
                "TXJCD": "",
                "PERIV": "",
                "ABRVW": "",
                "INSPBYDEBI": "",
                "INSPATDEBI": "",
                "KTOCD": "",
                "PFORT": "",
                "WERKS": "",
                "DTAMS": "",
                "DTAWS": "",
                "DUEFL": "X",
                "HZUOR": "00",
                "SPERZ": "",
                "ETIKG": "",
                "CIVVE": "",
                "MILVE": "",
                "KDKG1": "",
                "KDKG2": "",
                "KDKG3": "",
                "KDKG4": "",
                "KDKG5": "",
                "XKNZA": "",
                "FITYP": "",
                "STCDT": "",
                "STCD3": "",
                "STCD4": "",
                "STCD5": "",
                "STCD6": "",
                "XICMS": "",
                "XXIPI": "",
                "XSUBT": "",
                "CFOPC": "",
                "TXLW1": "",
                "TXLW2": "",
                "CCC01": "",
                "CCC02": "",
                "CCC03": "",
                "CCC04": "",
                "CASSD": "",
                "KNURL": "",
                "J_1KFREPRE": "",
                "J_1KFTBUS": "",
                "J_1KFTIND": "",
                "CONFS": "",
                "UPDAT": "0000-00-00",
                "UPTIM": "00:00:00",
                "NODEL": "",
                "DEAR6": "",
                "CVP_XBLCK": "",
                "SUFRAMA": "",
                "RG": "",
                "EXP": "",
                "UF": "",
                "RGDATE": "0000-00-00",
                "RIC": "00000000000",
                "RNE": "",
                "RNEDATE": "0000-00-00",
                "CNAE": "",
                "LEGALNAT": "0000",
                "CRTN": "",
                "ICMSTAXPAY": "",
                "INDTYP": "",
                "TDT": "",
                "COMSIZE": "",
                "DECREGPC": "",
                "/VSO/R_PALHGT": 0.000,
                "/VSO/R_PAL_UL": "",
                "/VSO/R_PK_MAT": "",
                "/VSO/R_MATPAL": "",
                "/VSO/R_I_NO_LYR": "00",
                "/VSO/R_ONE_MAT": "",
                "/VSO/R_ONE_SORT": "",
                "/VSO/R_ULD_SIDE": "0",
                "/VSO/R_LOAD_PREF": "0",
                "/VSO/R_DPOINT": "",
                "ALC": "",
                "PMT_OFFICE": "",
                "FEE_SCHEDULE": "",
                "DUNS": "",
                "DUNS4": "",
                "SAM_UE_ID": "",
                "SAM_EFT_IND": "",
                "PSOFG": "",
                "PSOIS": "",
                "PSON1": "",
                "PSON2": "",
                "PSON3": "",
                "PSOVN": "",
                "PSOTL": "",
                "PSOHS": "",
                "PSOST": "",
                "PSOO1": "",
                "PSOO2": "",
                "PSOO3": "",
                "PSOO4": "",
                "PSOO5": "",
                "J_3GETYP": "",
                "J_3GREFTYP": "",
                "PSPNR": "00000000",
                "COAUFNR": "",
                "J_3GAGEXT": "",
                "J_3GAGINT": "",
                "J_3GAGDUMI": "",
                "J_3GAGSTDI": "",
                "LGORT": "",
                "KOKRS": "",
                "KOSTL": "",
                "J_3GABGLG": "",
                "J_3GABGVG": "",
                "J_3GABRART": "",
                "J_3GSTDMON": 0.00,
                "J_3GSTDTAG": 0.00,
                "J_3GTAGMON": 0.00,
                "J_3GZUGTAG": "",
                "J_3GMASCHB": "",
                "J_3GMEINSA": "",
                "J_3GKEINSA": "",
                "J_3GBLSPER": "",
                "J_3GKLEIVO": "",
                "J_3GCALID": "",
                "J_3GVMONAT": "0",
                "J_3GABRKEN": "",
                "J_3GLABRECH": "0000-00-00",
                "J_3GAABRECH": "0000-00-00",
                "J_3GZUTVHLG": "",
                "J_3GNEGMEN": "",
                "J_3GFRISTLO": "",
                "J_3GEMINBE": "00000",
                "J_3GFMGUE": "00000",
                "J_3GZUSCHUE": "00000",
                "J_3GSCHPRS": "",
                "J_3GINVSTA": "",
                "/SAPCEM/DBER": "",
                "/SAPCEM/KVMEQ": ""
            },
            "T_KNB1": {
                "MANDT": "",
                "KUNNR": "",
                "BUKRS": "",
                "PERNR": "00000000",
                "ERDAT": "0000-00-00",
                "ERNAM": "",
                "SPERR": "",
                "LOEVM": "",
                "ZUAWA": "",
                "BUSAB": "",
                "AKONT": "",
                "BEGRU": "",
                "KNRZE": "",
                "KNRZB": "",
                "ZAMIM": "",
                "ZAMIV": "",
                "ZAMIR": "",
                "ZAMIB": "",
                "ZAMIO": "",
                "ZWELS": "",
                "XVERR": "",
                "ZAHLS": "",
                "ZTERM": "",
                "WAKON": "",
                "VZSKZ": "",
                "ZINDT": "0000-00-00",
                "ZINRT": "00",
                "EIKTO": "",
                "ZSABE": "",
                "KVERM": "",
                "FDGRV": "",
                "VRBKZ": "",
                "VLIBB": 0.00,
                "VRSZL": 0,
                "VRSPR": 0,
                "VRSNR": "",
                "VERDT": "0000-00-00",
                "PERKZ": "",
                "XDEZV": "",
                "XAUSZ": "",
                "WEBTR": 0.00,
                "REMIT": "",
                "DATLZ": "0000-00-00",
                "XZVER": "",
                "TOGRU": "",
                "KULTG": 0,
                "HBKID": "",
                "XPORE": "",
                "BLNKZ": "",
                "ALTKN": "",
                "ZGRUP": "",
                "URLID": "",
                "MGRUP": "",
                "LOCKB": "",
                "UZAWE": "",
                "EKVBD": "",
                "SREGL": "",
                "XEDIP": "",
                "FRGRP": "",
                "VRSDG": "",
                "TLFXS": "",
                "INTAD": "",
                "XKNZB": "",
                "GUZTE": "",
                "GRICD": "",
                "GRIDT": "",
                "WBRSL": "",
                "CONFS": "",
                "UPDAT": "0000-00-00",
                "UPTIM": "00:00:00",
                "NODEL": "",
                "TLFNS": "",
                "CESSION_KZ": "",
                "AVSND": "",
                "AD_HASH": "",
                "QLAND": "",
                "CVP_XBLCK_B": "",
                "CIIUCODE": "0000",
                "GMVKZD": ""
            },
            "T_KNB5": {
                "MANDT": "",
                "KUNNR": "",
                "BUKRS": "",
                "MABER": "",
                "MAHNA": "",
                "MANSP": "",
                "MADAT": "0000-00-00",
                "MAHNS": "0",
                "KNRMA": "",
                "GMVDT": "0000-00-00",
                "BUSAB": ""
            },
            "T_KNVV": {
                "MANDT": "",
                "KUNNR": "",
                "VKORG": "",
                "VTWEG": "",
                "SPART": "",
                "ERNAM": "",
                "ERDAT": "0000-00-00",
                "BEGRU": "",
                "LOEVM": "",
                "VERSG": "",
                "AUFSD": "",
                "KALKS": "",
                "KDGRP": "",
                "BZIRK": "",
                "KONDA": "",
                "PLTYP": "",
                "AWAHR": "000",
                "INCO1": "",
                "INCO2": "",
                "LIFSD": "",
                "AUTLF": "",
                "ANTLF": 0,
                "KZTLF": "",
                "KZAZU": "",
                "CHSPL": "",
                "LPRIO": "00",
                "EIKTO": "",
                "VSBED": "",
                "FAKSD": "",
                "MRNKZ": "",
                "PERFK": "",
                "PERRL": "",
                "KVAKZ": "",
                "KVAWT": 0.00,
                "WAERS": "",
                "KLABC": "",
                "KTGRD": "",
                "ZTERM": "",
                "VWERK": "",
                "VKGRP": "",
                "VKBUR": "",
                "VSORT": "",
                "KVGR1": "",
                "KVGR2": "",
                "KVGR3": "",
                "KVGR4": "",
                "KVGR5": "",
                "BOKRE": "",
                "BOIDT": "0000-00-00",
                "KURST": "",
                "PRFRE": "",
                "PRAT1": "",
                "PRAT2": "",
                "PRAT3": "",
                "PRAT4": "",
                "PRAT5": "",
                "PRAT6": "",
                "PRAT7": "",
                "PRAT8": "",
                "PRAT9": "",
                "PRATA": "",
                "KABSS": "",
                "KKBER": "",
                "CASSD": "",
                "RDOFF": "",
                "AGREL": "",
                "MEGRU": "",
                "UEBTO": 0.0,
                "UNTTO": 0.0,
                "UEBTK": "",
                "PVKSM": "",
                "PODKZ": "",
                "PODTG": 0,
                "BLIND": "",
                "CARRIER_NOTIF": "",
                "CVP_XBLCK_V": "",
                "INCOV": "",
                "INCO2_L": "",
                "INCO3_L": "",
                "/BEV1/EMLGPFAND": "",
                "/BEV1/EMLGFORTS": "",
                "J_1NBOESL": "",
                "PROFILE": "",
                "FPART": "",
                "FSH_KVGR6": "",
                "FSH_KVGR7": "",
                "FSH_KVGR8": "",
                "FSH_KVGR9": "",
                "FSH_KVGR10": "",
                "FSH_GRREG": "",
                "FSH_RESGY": "",
                "FSH_SC_CID": "",
                "FSH_VAS_DETC": "",
                "FSH_VAS_CG": "",
                "FSH_GRSGY": "",
                "FSH_SS": "",
                "FSH_MSOCDC": "",
                "FSH_MSOPID": "",
                "ZZACUERDO": "",
                "ZZFEACUERDO": "0000-00-00"
            },
            "T_ADR2": [{
                    "CLIENT": "300",
                    "ADDRNUMBER": "0000670344",
                    "PERSNUMBER": "",
                    "DATE_FROM": "0001-01-01",
                    "CONSNUMBER": "500",
                    "COUNTRY": "CL",
                    "FLGDEFAULT": "X",
                    "FLG_NOUSE": "",
                    "HOME_FLAG": "X",
                    "TEL_NUMBER": "0",
                    "TEL_EXTENS": "",
                    "TELNR_LONG": "+56",
                    "TELNR_CALL": "0",
                    "DFT_RECEIV": "",
                    "R3_USER": "1",
                    "VALID_FROM": "",
                    "VALID_TO": ""
                }, {
                    "CLIENT": "300",
                    "ADDRNUMBER": "0000670344",
                    "PERSNUMBER": "0001308204",
                    "DATE_FROM": "0001-01-01",
                    "CONSNUMBER": "500",
                    "COUNTRY": "CL",
                    "FLGDEFAULT": "X",
                    "FLG_NOUSE": "",
                    "HOME_FLAG": "X",
                    "TEL_NUMBER": "97602900",
                    "TEL_EXTENS": "",
                    "TELNR_LONG": "+5697602900",
                    "TELNR_CALL": "97602900",
                    "DFT_RECEIV": "",
                    "R3_USER": "1",
                    "VALID_FROM": "",
                    "VALID_TO": ""
                }, {
                    "CLIENT": "300",
                    "ADDRNUMBER": "0000670344",
                    "PERSNUMBER": "0001308204",
                    "DATE_FROM": "0001-01-01",
                    "CONSNUMBER": "501",
                    "COUNTRY": "CL",
                    "FLGDEFAULT": "",
                    "FLG_NOUSE": "",
                    "HOME_FLAG": "",
                    "TEL_NUMBER": "25163531",
                    "TEL_EXTENS": "",
                    "TELNR_LONG": "+5625163531",
                    "TELNR_CALL": "25163531",
                    "DFT_RECEIV": "",
                    "R3_USER": "3",
                    "VALID_FROM": "",
                    "VALID_TO": ""
                }
            ],
            "T_ADR3": [],
            "T_ADR6": [{
                    "CLIENT": "300",
                    "ADDRNUMBER": "0000670344",
                    "PERSNUMBER": "",
                    "DATE_FROM": "0001-01-01",
                    "CONSNUMBER": "001",
                    "FLGDEFAULT": "X",
                    "FLG_NOUSE": "",
                    "HOME_FLAG": "X",
                    "SMTP_ADDR": "no registra.",
                    "SMTP_SRCH": "NO REGISTRA.",
                    "DFT_RECEIV": "",
                    "R3_USER": "",
                    "ENCODE": "",
                    "TNEF": "",
                    "VALID_FROM": "",
                    "VALID_TO": ""
                }
            ],
            "T_KNVI": [],
            "T_KNVK": [{
                    "MANDT": "300",
                    "PARNR": "0000170814",
                    "KUNNR": "10172940-0",
                    "NAMEV": "JOSE EUSEBIO",
                    "NAME1": "REYES   BARAHONA",
                    "ORT01": "",
                    "ADRND": "",
                    "ADRNP": "",
                    "ABTPA": "",
                    "ABTNR": "",
                    "UEPAR": "0000000000",
                    "TELF1": "997602900",
                    "ANRED": "",
                    "PAFKT": "",
                    "PARVO": "",
                    "PAVIP": "",
                    "PARGE": "1",
                    "PARLA": "",
                    "GBDAT": "1965-09-11",
                    "VRTNR": "0000000000",
                    "BRYTH": "",
                    "AKVER": "",
                    "NMAIL": "",
                    "PARAU": "",
                    "PARH1": "",
                    "PARH2": "",
                    "PARH3": "",
                    "PARH4": "",
                    "PARH5": "",
                    "MOAB1": "00:00:00",
                    "MOBI1": "00:00:00",
                    "MOAB2": "00:00:00",
                    "MOBI2": "00:00:00",
                    "DIAB1": "00:00:00",
                    "DIBI1": "00:00:00",
                    "DIAB2": "00:00:00",
                    "DIBI2": "00:00:00",
                    "MIAB1": "00:00:00",
                    "MIBI1": "00:00:00",
                    "MIAB2": "00:00:00",
                    "MIBI2": "00:00:00",
                    "DOAB1": "00:00:00",
                    "DOBI1": "00:00:00",
                    "DOAB2": "00:00:00",
                    "DOBI2": "00:00:00",
                    "FRAB1": "00:00:00",
                    "FRBI1": "00:00:00",
                    "FRAB2": "00:00:00",
                    "FRBI2": "00:00:00",
                    "SAAB1": "00:00:00",
                    "SABI1": "00:00:00",
                    "SAAB2": "00:00:00",
                    "SABI2": "00:00:00",
                    "SOAB1": "00:00:00",
                    "SOBI1": "00:00:00",
                    "SOAB2": "00:00:00",
                    "SOBI2": "00:00:00",
                    "PAKN1": "",
                    "PAKN2": "",
                    "PAKN3": "",
                    "PAKN4": "",
                    "PAKN5": "",
                    "SORTL": "",
                    "FAMST": "1",
                    "SPNAM": "",
                    "TITEL_AP": "",
                    "ERDAT": "2020-08-19",
                    "ERNAM": "FGARCIA",
                    "DUEFL": "X",
                    "LIFNR": "",
                    "LOEVM": "",
                    "KZHERK": "D",
                    "ADRNP_2": "0001308206",
                    "PRSNR": "0001308204",
                    "CVP_XBLCK_K": ""
                }
            ],
            "T_KNVP": [],
            "T_RETURN": [{
                    "TYPE": "S",
                    "CODE": "",
                    "MESSAGE": "Cliente no tiene datos de Faxes (ADR3)",
                    "LOG_NO": "",
                    "LOG_MSG_NO": "000000",
                    "MESSAGE_V1": "",
                    "MESSAGE_V2": "",
                    "MESSAGE_V3": "",
                    "MESSAGE_V4": ""
                }, {
                    "TYPE": "S",
                    "CODE": "",
                    "MESSAGE": "Cliente no tiene Comentarios (ADRCT)",
                    "LOG_NO": "",
                    "LOG_MSG_NO": "000000",
                    "MESSAGE_V1": "",
                    "MESSAGE_V2": "",
                    "MESSAGE_V3": "",
                    "MESSAGE_V4": ""
                }
            ],
            "T_ZKNVIT": [],
            "T_ZKNVPT": []
        }
    },
    "ZSD_FM_INFOFD33": {
        "request":{
            "I_KKBER": "CR01",
            "I_KUNNR": "10172940-0",
            "I_SPART": "",
            "I_VKORG": "",
            "I_VTWEG": "",
            "format": "json",
            "sap-language": "ES"
        },
        "response": {
            "E_CMWAE": "CLP",
            "E_COND_PAGO": "",
            "E_CREDITLIMIT": 5000.00,
            "E_DELTA_TO_LIMIT": 5000.00,
            "E_KNKK": {
                "MANDT": "300",
                "KUNNR": "10172940-0",
                "KKBER": "CR01",
                "KLIMK": 5000.00,
                "KNKLI": "10172940-0",
                "SAUFT": 0.00,
                "SKFOR": 0.00,
                "SSOBL": 0.00,
                "UEDAT": "0000-00-00",
                "XCHNG": "",
                "ERNAM": "JSOTO",
                "ERDAT": "2016-03-09",
                "CTLPC": "VP1",
                "DTREV": "0000-00-00",
                "CRBLB": "",
                "SBGRP": "EVN",
                "NXTRV": "0000-00-00",
                "KRAUS": "",
                "PAYDB": "00",
                "DBRAT": "",
                "REVDB": "0000-00-00",
                "AEDAT": "0000-00-00",
                "AETXT": "0000-00-00",
                "GRUPP": "",
                "AENAM": "JSOTO",
                "SBDAT": "0000-00-00",
                "KDGRP": "",
                "CASHD": "0000-00-00",
                "CASHA": 0.00,
                "CASHC": "",
                "DBPAY": "",
                "DBRTG": "",
                "DBEKR": 0.00,
                "DBWAE": "",
                "DBMON": "0000-00-00",
                "ABSBT": 0.00,
                "DUNSP4": ""
            },
            "E_KNKLI": "10172940-0",
            "E_OPEN_DELIVERY": 0.00,
            "E_OPEN_DELIVERY_SECURE": 0.00,
            "E_OPEN_INVOICE": 0.00,
            "E_OPEN_INVOICE_SECURE": 0.00,
            "E_OPEN_ITEMS": 0.00,
            "E_OPEN_ORDER": 0.00,
            "E_OPEN_ORDER_SECURE": 0.00,
            "E_OPEN_SPECIALS": 0.00,
            "E_PERCENTAGE": "000",
            "E_SUM_OPENS": 0.00,
            "E_VAL_COMERCIAL": 0.00,
            "E_VIAS_PAGO": "",
            "GT_RETURN": [],
            "GT_T024B": [{
                    "MANDT": "300",
                    "SBGRP": "EVC",
                    "KKBER": "CR01",
                    "STEXT": "Equipo Venta en Consulta",
                    "SMAIL": ""
                }, {
                    "MANDT": "300",
                    "SBGRP": "EVN",
                    "KKBER": "CR01",
                    "STEXT": "Equipo Venta Normal",
                    "SMAIL": ""
                }, {
                    "MANDT": "300",
                    "SBGRP": "EVR",
                    "KKBER": "CR01",
                    "STEXT": "Equipo Venta Restringida",
                    "SMAIL": ""
                }
            ],
            "GT_T042Z": [{
                    "MANDT": "300",
                    "LAND1": "CL",
                    "ZLSCH": "1",
                    "TEXT1": "K. Cheque a Proveedores",
                    "XBKKT": "",
                    "XSTRA": "",
                    "XEINZ": "",
                    "XESRD": "",
                    "XPGIR": "",
                    "XEZER": "",
                    "XSCHK": "X",
                    "PROGN": "RFFOUS_C",
                    "XZWHR": "",
                    "XEURO": "",
                    "FORMI": "",
                    "FORMZ": "",
                    "XWECH": "",
                    "XWANF": "",
                    "XPSKT": "",
                    "XWECS": "",
                    "BLART": "KZ",
                    "BLARV": "KZ",
                    "UMSKZ": "",
                    "XSWEC": "",
                    "TXTSL": "",
                    "ZLSTN": "LIST1S",
                    "WLSTN": "",
                    "XZANF": "",
                    "XAKTZ": "",
                    "WEART": "",
                    "XNOPO": "",
                    "XORB": "",
                    "XIBAN": "",
                    "XNO_ACCNO": "",
                    "XSEPA": ""
                }, {
                    "MANDT": "300",
                    "LAND1": "CL",
                    "ZLSCH": "2",
                    "TEXT1": "K. Transfer Bancaria",
                    "XBKKT": "X",
                    "XSTRA": "",
                    "XEINZ": "",
                    "XESRD": "",
                    "XPGIR": "",
                    "XEZER": "",
                    "XSCHK": "",
                    "PROGN": "RFFOUS_C",
                    "XZWHR": "",
                    "XEURO": "",
                    "FORMI": "",
                    "FORMZ": "",
                    "XWECH": "",
                    "XWANF": "",
                    "XPSKT": "",
                    "XWECS": "",
                    "BLART": "KZ",
                    "BLARV": "KZ",
                    "UMSKZ": "",
                    "XSWEC": "",
                    "TXTSL": "",
                    "ZLSTN": "LIST1S",
                    "WLSTN": "",
                    "XZANF": "",
                    "XAKTZ": "",
                    "WEART": "",
                    "XNOPO": "",
                    "XORB": "",
                    "XIBAN": "",
                    "XNO_ACCNO": "X",
                    "XSEPA": ""
                }, {
                    "MANDT": "300",
                    "LAND1": "CL",
                    "ZLSCH": "3",
                    "TEXT1": "K. Efectivo",
                    "XBKKT": "",
                    "XSTRA": "",
                    "XEINZ": "",
                    "XESRD": "",
                    "XPGIR": "",
                    "XEZER": "",
                    "XSCHK": "",
                    "PROGN": "",
                    "XZWHR": "",
                    "XEURO": "",
                    "FORMI": "",
                    "FORMZ": "",
                    "XWECH": "",
                    "XWANF": "",
                    "XPSKT": "",
                    "XWECS": "",
                    "BLART": "",
                    "BLARV": "",
                    "UMSKZ": "",
                    "XSWEC": "",
                    "TXTSL": "",
                    "ZLSTN": "",
                    "WLSTN": "",
                    "XZANF": "",
                    "XAKTZ": "",
                    "WEART": "",
                    "XNOPO": "",
                    "XORB": "",
                    "XIBAN": "",
                    "XNO_ACCNO": "",
                    "XSEPA": ""
                }, {
                    "MANDT": "300",
                    "LAND1": "CL",
                    "ZLSCH": "4",
                    "TEXT1": "K. Carta de instrucción",
                    "XBKKT": "",
                    "XSTRA": "",
                    "XEINZ": "",
                    "XESRD": "",
                    "XPGIR": "",
                    "XEZER": "",
                    "XSCHK": "X",
                    "PROGN": "RFFOUS_C",
                    "XZWHR": "",
                    "XEURO": "",
                    "FORMI": "",
                    "FORMZ": "",
                    "XWECH": "",
                    "XWANF": "",
                    "XPSKT": "",
                    "XWECS": "",
                    "BLART": "KH",
                    "BLARV": "KH",
                    "UMSKZ": "",
                    "XSWEC": "",
                    "TXTSL": "",
                    "ZLSTN": "LIST1S",
                    "WLSTN": "",
                    "XZANF": "",
                    "XAKTZ": "",
                    "WEART": "",
                    "XNOPO": "",
                    "XORB": "",
                    "XIBAN": "",
                    "XNO_ACCNO": "",
                    "XSEPA": ""
                }, {
                    "MANDT": "300",
                    "LAND1": "CL",
                    "ZLSCH": "A",
                    "TEXT1": "D. Anticipo",
                    "XBKKT": "",
                    "XSTRA": "",
                    "XEINZ": "",
                    "XESRD": "",
                    "XPGIR": "",
                    "XEZER": "",
                    "XSCHK": "X",
                    "PROGN": "RFFOUS_C",
                    "XZWHR": "",
                    "XEURO": "",
                    "FORMI": "",
                    "FORMZ": "",
                    "XWECH": "",
                    "XWANF": "",
                    "XPSKT": "",
                    "XWECS": "",
                    "BLART": "ZS",
                    "BLARV": "ZS",
                    "UMSKZ": "",
                    "XSWEC": "",
                    "TXTSL": "",
                    "ZLSTN": "LIST1S",
                    "WLSTN": "",
                    "XZANF": "",
                    "XAKTZ": "",
                    "WEART": "",
                    "XNOPO": "",
                    "XORB": "",
                    "XIBAN": "",
                    "XNO_ACCNO": "",
                    "XSEPA": ""
                }, {
                    "MANDT": "300",
                    "LAND1": "CL",
                    "ZLSCH": "B",
                    "TEXT1": "D. Letras",
                    "XBKKT": "",
                    "XSTRA": "",
                    "XEINZ": "X",
                    "XESRD": "",
                    "XPGIR": "",
                    "XEZER": "",
                    "XSCHK": "",
                    "PROGN": "",
                    "XZWHR": "",
                    "XEURO": "",
                    "FORMI": "",
                    "FORMZ": "",
                    "XWECH": "",
                    "XWANF": "X",
                    "XPSKT": "",
                    "XWECS": "",
                    "BLART": "",
                    "BLARV": "",
                    "UMSKZ": "",
                    "XSWEC": "",
                    "TXTSL": "",
                    "ZLSTN": "",
                    "WLSTN": "",
                    "XZANF": "",
                    "XAKTZ": "",
                    "WEART": "",
                    "XNOPO": "",
                    "XORB": "",
                    "XIBAN": "",
                    "XNO_ACCNO": "",
                    "XSEPA": ""
                }, {
                    "MANDT": "300",
                    "LAND1": "CL",
                    "ZLSCH": "C",
                    "TEXT1": "D. Cheque/Vale Vista",
                    "XBKKT": "",
                    "XSTRA": "",
                    "XEINZ": "X",
                    "XESRD": "",
                    "XPGIR": "",
                    "XEZER": "",
                    "XSCHK": "",
                    "PROGN": "RFFOUS_C",
                    "XZWHR": "",
                    "XEURO": "",
                    "FORMI": "",
                    "FORMZ": "",
                    "XWECH": "",
                    "XWANF": "",
                    "XPSKT": "",
                    "XWECS": "",
                    "BLART": "ZS",
                    "BLARV": "ZS",
                    "UMSKZ": "",
                    "XSWEC": "",
                    "TXTSL": "",
                    "ZLSTN": "LIST1S",
                    "WLSTN": "",
                    "XZANF": "",
                    "XAKTZ": "",
                    "WEART": "",
                    "XNOPO": "",
                    "XORB": "",
                    "XIBAN": "",
                    "XNO_ACCNO": "",
                    "XSEPA": ""
                }, {
                    "MANDT": "300",
                    "LAND1": "CL",
                    "ZLSCH": "D",
                    "TEXT1": "D. Depósito",
                    "XBKKT": "",
                    "XSTRA": "",
                    "XEINZ": "X",
                    "XESRD": "",
                    "XPGIR": "",
                    "XEZER": "",
                    "XSCHK": "",
                    "PROGN": "",
                    "XZWHR": "",
                    "XEURO": "",
                    "FORMI": "",
                    "FORMZ": "",
                    "XWECH": "",
                    "XWANF": "",
                    "XPSKT": "",
                    "XWECS": "",
                    "BLART": "",
                    "BLARV": "",
                    "UMSKZ": "",
                    "XSWEC": "",
                    "TXTSL": "",
                    "ZLSTN": "",
                    "WLSTN": "",
                    "XZANF": "",
                    "XAKTZ": "",
                    "WEART": "",
                    "XNOPO": "",
                    "XORB": "",
                    "XIBAN": "",
                    "XNO_ACCNO": "",
                    "XSEPA": ""
                }, {
                    "MANDT": "300",
                    "LAND1": "CL",
                    "ZLSCH": "E",
                    "TEXT1": "D. Efectivo",
                    "XBKKT": "",
                    "XSTRA": "",
                    "XEINZ": "X",
                    "XESRD": "",
                    "XPGIR": "",
                    "XEZER": "",
                    "XSCHK": "",
                    "PROGN": "",
                    "XZWHR": "",
                    "XEURO": "",
                    "FORMI": "",
                    "FORMZ": "",
                    "XWECH": "",
                    "XWANF": "",
                    "XPSKT": "",
                    "XWECS": "",
                    "BLART": "",
                    "BLARV": "",
                    "UMSKZ": "",
                    "XSWEC": "",
                    "TXTSL": "",
                    "ZLSTN": "",
                    "WLSTN": "",
                    "XZANF": "",
                    "XAKTZ": "",
                    "WEART": "",
                    "XNOPO": "",
                    "XORB": "",
                    "XIBAN": "",
                    "XNO_ACCNO": "",
                    "XSEPA": ""
                }, {
                    "MANDT": "300",
                    "LAND1": "CL",
                    "ZLSCH": "F",
                    "TEXT1": "D. Tarjeta de Débito",
                    "XBKKT": "",
                    "XSTRA": "",
                    "XEINZ": "X",
                    "XESRD": "",
                    "XPGIR": "",
                    "XEZER": "",
                    "XSCHK": "",
                    "PROGN": "",
                    "XZWHR": "",
                    "XEURO": "",
                    "FORMI": "",
                    "FORMZ": "",
                    "XWECH": "",
                    "XWANF": "",
                    "XPSKT": "",
                    "XWECS": "",
                    "BLART": "",
                    "BLARV": "",
                    "UMSKZ": "",
                    "XSWEC": "",
                    "TXTSL": "",
                    "ZLSTN": "",
                    "WLSTN": "",
                    "XZANF": "",
                    "XAKTZ": "",
                    "WEART": "",
                    "XNOPO": "",
                    "XORB": "",
                    "XIBAN": "",
                    "XNO_ACCNO": "",
                    "XSEPA": ""
                }, {
                    "MANDT": "300",
                    "LAND1": "CL",
                    "ZLSCH": "G",
                    "TEXT1": "D. Tarjeta de Crédito",
                    "XBKKT": "",
                    "XSTRA": "",
                    "XEINZ": "X",
                    "XESRD": "",
                    "XPGIR": "",
                    "XEZER": "",
                    "XSCHK": "",
                    "PROGN": "",
                    "XZWHR": "",
                    "XEURO": "",
                    "FORMI": "",
                    "FORMZ": "",
                    "XWECH": "",
                    "XWANF": "",
                    "XPSKT": "",
                    "XWECS": "",
                    "BLART": "",
                    "BLARV": "",
                    "UMSKZ": "",
                    "XSWEC": "",
                    "TXTSL": "",
                    "ZLSTN": "",
                    "WLSTN": "",
                    "XZANF": "",
                    "XAKTZ": "",
                    "WEART": "",
                    "XNOPO": "",
                    "XORB": "",
                    "XIBAN": "",
                    "XNO_ACCNO": "",
                    "XSEPA": ""
                }, {
                    "MANDT": "300",
                    "LAND1": "CL",
                    "ZLSCH": "H",
                    "TEXT1": "D. Crédito de Terceros",
                    "XBKKT": "",
                    "XSTRA": "",
                    "XEINZ": "X",
                    "XESRD": "",
                    "XPGIR": "",
                    "XEZER": "",
                    "XSCHK": "",
                    "PROGN": "",
                    "XZWHR": "",
                    "XEURO": "",
                    "FORMI": "",
                    "FORMZ": "",
                    "XWECH": "",
                    "XWANF": "",
                    "XPSKT": "",
                    "XWECS": "",
                    "BLART": "",
                    "BLARV": "",
                    "UMSKZ": "",
                    "XSWEC": "",
                    "TXTSL": "",
                    "ZLSTN": "",
                    "WLSTN": "",
                    "XZANF": "",
                    "XAKTZ": "",
                    "WEART": "",
                    "XNOPO": "",
                    "XORB": "",
                    "XIBAN": "",
                    "XNO_ACCNO": "",
                    "XSEPA": ""
                }, {
                    "MANDT": "300",
                    "LAND1": "CL",
                    "ZLSCH": "I",
                    "TEXT1": "D. Crédito no Documentado",
                    "XBKKT": "",
                    "XSTRA": "",
                    "XEINZ": "X",
                    "XESRD": "",
                    "XPGIR": "",
                    "XEZER": "",
                    "XSCHK": "",
                    "PROGN": "",
                    "XZWHR": "",
                    "XEURO": "",
                    "FORMI": "",
                    "FORMZ": "",
                    "XWECH": "",
                    "XWANF": "",
                    "XPSKT": "",
                    "XWECS": "",
                    "BLART": "",
                    "BLARV": "",
                    "UMSKZ": "",
                    "XSWEC": "",
                    "TXTSL": "",
                    "ZLSTN": "",
                    "WLSTN": "",
                    "XZANF": "",
                    "XAKTZ": "",
                    "WEART": "",
                    "XNOPO": "",
                    "XORB": "",
                    "XIBAN": "",
                    "XNO_ACCNO": "",
                    "XSEPA": ""
                }, {
                    "MANDT": "300",
                    "LAND1": "CL",
                    "ZLSCH": "J",
                    "TEXT1": "D. Vehículo en parte de pago",
                    "XBKKT": "",
                    "XSTRA": "",
                    "XEINZ": "X",
                    "XESRD": "",
                    "XPGIR": "",
                    "XEZER": "",
                    "XSCHK": "",
                    "PROGN": "",
                    "XZWHR": "",
                    "XEURO": "",
                    "FORMI": "",
                    "FORMZ": "",
                    "XWECH": "",
                    "XWANF": "",
                    "XPSKT": "",
                    "XWECS": "",
                    "BLART": "",
                    "BLARV": "",
                    "UMSKZ": "",
                    "XSWEC": "",
                    "TXTSL": "",
                    "ZLSTN": "",
                    "WLSTN": "",
                    "XZANF": "",
                    "XAKTZ": "",
                    "WEART": "",
                    "XNOPO": "",
                    "XORB": "",
                    "XIBAN": "",
                    "XNO_ACCNO": "",
                    "XSEPA": ""
                }, {
                    "MANDT": "300",
                    "LAND1": "CL",
                    "ZLSCH": "K",
                    "TEXT1": "D. Nota de Crédito",
                    "XBKKT": "",
                    "XSTRA": "",
                    "XEINZ": "X",
                    "XESRD": "",
                    "XPGIR": "",
                    "XEZER": "",
                    "XSCHK": "",
                    "PROGN": "",
                    "XZWHR": "",
                    "XEURO": "",
                    "FORMI": "",
                    "FORMZ": "",
                    "XWECH": "",
                    "XWANF": "",
                    "XPSKT": "",
                    "XWECS": "",
                    "BLART": "",
                    "BLARV": "",
                    "UMSKZ": "",
                    "XSWEC": "",
                    "TXTSL": "",
                    "ZLSTN": "",
                    "WLSTN": "",
                    "XZANF": "",
                    "XAKTZ": "",
                    "WEART": "",
                    "XNOPO": "",
                    "XORB": "",
                    "XIBAN": "",
                    "XNO_ACCNO": "",
                    "XSEPA": ""
                }, {
                    "MANDT": "300",
                    "LAND1": "CL",
                    "ZLSCH": "L",
                    "TEXT1": "D. Leasing",
                    "XBKKT": "",
                    "XSTRA": "",
                    "XEINZ": "X",
                    "XESRD": "",
                    "XPGIR": "",
                    "XEZER": "",
                    "XSCHK": "",
                    "PROGN": "",
                    "XZWHR": "",
                    "XEURO": "",
                    "FORMI": "",
                    "FORMZ": "",
                    "XWECH": "",
                    "XWANF": "",
                    "XPSKT": "",
                    "XWECS": "",
                    "BLART": "",
                    "BLARV": "",
                    "UMSKZ": "",
                    "XSWEC": "",
                    "TXTSL": "",
                    "ZLSTN": "",
                    "WLSTN": "",
                    "XZANF": "",
                    "XAKTZ": "",
                    "WEART": "",
                    "XNOPO": "",
                    "XORB": "",
                    "XIBAN": "",
                    "XNO_ACCNO": "",
                    "XSEPA": ""
                }, {
                    "MANDT": "300",
                    "LAND1": "CL",
                    "ZLSCH": "M",
                    "TEXT1": "D. Venta a empleados",
                    "XBKKT": "",
                    "XSTRA": "",
                    "XEINZ": "X",
                    "XESRD": "",
                    "XPGIR": "",
                    "XEZER": "",
                    "XSCHK": "",
                    "PROGN": "",
                    "XZWHR": "",
                    "XEURO": "",
                    "FORMI": "",
                    "FORMZ": "",
                    "XWECH": "",
                    "XWANF": "",
                    "XPSKT": "",
                    "XWECS": "",
                    "BLART": "",
                    "BLARV": "",
                    "UMSKZ": "",
                    "XSWEC": "",
                    "TXTSL": "",
                    "ZLSTN": "",
                    "WLSTN": "",
                    "XZANF": "",
                    "XAKTZ": "",
                    "WEART": "",
                    "XNOPO": "",
                    "XORB": "",
                    "XIBAN": "",
                    "XNO_ACCNO": "",
                    "XSEPA": ""
                }, {
                    "MANDT": "300",
                    "LAND1": "CL",
                    "ZLSCH": "N",
                    "TEXT1": "D. Cheque por recaudar",
                    "XBKKT": "",
                    "XSTRA": "",
                    "XEINZ": "X",
                    "XESRD": "",
                    "XPGIR": "",
                    "XEZER": "",
                    "XSCHK": "",
                    "PROGN": "",
                    "XZWHR": "",
                    "XEURO": "",
                    "FORMI": "",
                    "FORMZ": "",
                    "XWECH": "",
                    "XWANF": "",
                    "XPSKT": "",
                    "XWECS": "",
                    "BLART": "",
                    "BLARV": "",
                    "UMSKZ": "",
                    "XSWEC": "",
                    "TXTSL": "",
                    "ZLSTN": "",
                    "WLSTN": "",
                    "XZANF": "",
                    "XAKTZ": "",
                    "WEART": "",
                    "XNOPO": "",
                    "XORB": "",
                    "XIBAN": "",
                    "XNO_ACCNO": "",
                    "XSEPA": ""
                }, {
                    "MANDT": "300",
                    "LAND1": "CL",
                    "ZLSCH": "P",
                    "TEXT1": "D. Cheque Asegurado",
                    "XBKKT": "",
                    "XSTRA": "",
                    "XEINZ": "X",
                    "XESRD": "",
                    "XPGIR": "",
                    "XEZER": "",
                    "XSCHK": "",
                    "PROGN": "",
                    "XZWHR": "",
                    "XEURO": "",
                    "FORMI": "",
                    "FORMZ": "",
                    "XWECH": "",
                    "XWANF": "",
                    "XPSKT": "",
                    "XWECS": "",
                    "BLART": "",
                    "BLARV": "",
                    "UMSKZ": "",
                    "XSWEC": "",
                    "TXTSL": "",
                    "ZLSTN": "",
                    "WLSTN": "",
                    "XZANF": "",
                    "XAKTZ": "",
                    "WEART": "",
                    "XNOPO": "",
                    "XORB": "",
                    "XIBAN": "",
                    "XNO_ACCNO": "",
                    "XSEPA": ""
                }, {
                    "MANDT": "300",
                    "LAND1": "CL",
                    "ZLSCH": "Q",
                    "TEXT1": "D. Rental crédito",
                    "XBKKT": "",
                    "XSTRA": "",
                    "XEINZ": "X",
                    "XESRD": "",
                    "XPGIR": "",
                    "XEZER": "",
                    "XSCHK": "",
                    "PROGN": "",
                    "XZWHR": "",
                    "XEURO": "",
                    "FORMI": "",
                    "FORMZ": "",
                    "XWECH": "",
                    "XWANF": "",
                    "XPSKT": "",
                    "XWECS": "",
                    "BLART": "",
                    "BLARV": "",
                    "UMSKZ": "",
                    "XSWEC": "",
                    "TXTSL": "",
                    "ZLSTN": "",
                    "WLSTN": "",
                    "XZANF": "",
                    "XAKTZ": "",
                    "WEART": "",
                    "XNOPO": "",
                    "XORB": "",
                    "XIBAN": "",
                    "XNO_ACCNO": "",
                    "XSEPA": ""
                }, {
                    "MANDT": "300",
                    "LAND1": "CL",
                    "ZLSCH": "R",
                    "TEXT1": "D. Webpay crédito",
                    "XBKKT": "",
                    "XSTRA": "",
                    "XEINZ": "X",
                    "XESRD": "",
                    "XPGIR": "",
                    "XEZER": "",
                    "XSCHK": "",
                    "PROGN": "",
                    "XZWHR": "",
                    "XEURO": "",
                    "FORMI": "",
                    "FORMZ": "",
                    "XWECH": "",
                    "XWANF": "",
                    "XPSKT": "",
                    "XWECS": "",
                    "BLART": "",
                    "BLARV": "",
                    "UMSKZ": "",
                    "XSWEC": "",
                    "TXTSL": "",
                    "ZLSTN": "",
                    "WLSTN": "",
                    "XZANF": "",
                    "XAKTZ": "",
                    "WEART": "",
                    "XNOPO": "",
                    "XORB": "",
                    "XIBAN": "",
                    "XNO_ACCNO": "",
                    "XSEPA": ""
                }, {
                    "MANDT": "300",
                    "LAND1": "CL",
                    "ZLSCH": "S",
                    "TEXT1": "D. Rental Débito",
                    "XBKKT": "",
                    "XSTRA": "",
                    "XEINZ": "X",
                    "XESRD": "",
                    "XPGIR": "",
                    "XEZER": "",
                    "XSCHK": "",
                    "PROGN": "",
                    "XZWHR": "",
                    "XEURO": "",
                    "FORMI": "",
                    "FORMZ": "",
                    "XWECH": "",
                    "XWANF": "",
                    "XPSKT": "",
                    "XWECS": "",
                    "BLART": "",
                    "BLARV": "",
                    "UMSKZ": "",
                    "XSWEC": "",
                    "TXTSL": "",
                    "ZLSTN": "",
                    "WLSTN": "",
                    "XZANF": "",
                    "XAKTZ": "",
                    "WEART": "",
                    "XNOPO": "",
                    "XORB": "",
                    "XIBAN": "",
                    "XNO_ACCNO": "",
                    "XSEPA": ""
                }, {
                    "MANDT": "300",
                    "LAND1": "CL",
                    "ZLSCH": "U",
                    "TEXT1": "D. Efectivo Dólar ZONA FRANCA",
                    "XBKKT": "",
                    "XSTRA": "",
                    "XEINZ": "X",
                    "XESRD": "",
                    "XPGIR": "",
                    "XEZER": "",
                    "XSCHK": "",
                    "PROGN": "",
                    "XZWHR": "",
                    "XEURO": "",
                    "FORMI": "",
                    "FORMZ": "",
                    "XWECH": "",
                    "XWANF": "",
                    "XPSKT": "",
                    "XWECS": "",
                    "BLART": "",
                    "BLARV": "",
                    "UMSKZ": "",
                    "XSWEC": "",
                    "TXTSL": "",
                    "ZLSTN": "",
                    "WLSTN": "",
                    "XZANF": "",
                    "XAKTZ": "",
                    "WEART": "",
                    "XNOPO": "",
                    "XORB": "",
                    "XIBAN": "",
                    "XNO_ACCNO": "",
                    "XSEPA": ""
                }, {
                    "MANDT": "300",
                    "LAND1": "CL",
                    "ZLSCH": "X",
                    "TEXT1": "D. Webpay débito",
                    "XBKKT": "",
                    "XSTRA": "",
                    "XEINZ": "X",
                    "XESRD": "",
                    "XPGIR": "",
                    "XEZER": "",
                    "XSCHK": "",
                    "PROGN": "",
                    "XZWHR": "",
                    "XEURO": "",
                    "FORMI": "",
                    "FORMZ": "",
                    "XWECH": "",
                    "XWANF": "",
                    "XPSKT": "",
                    "XWECS": "",
                    "BLART": "",
                    "BLARV": "",
                    "UMSKZ": "",
                    "XSWEC": "",
                    "TXTSL": "",
                    "ZLSTN": "",
                    "WLSTN": "",
                    "XZANF": "",
                    "XAKTZ": "",
                    "WEART": "",
                    "XNOPO": "",
                    "XORB": "",
                    "XIBAN": "",
                    "XNO_ACCNO": "",
                    "XSEPA": ""
                }, {
                    "MANDT": "300",
                    "LAND1": "CL",
                    "ZLSCH": "Y",
                    "TEXT1": "D. Flujo MPP Toyota",
                    "XBKKT": "",
                    "XSTRA": "",
                    "XEINZ": "X",
                    "XESRD": "",
                    "XPGIR": "",
                    "XEZER": "",
                    "XSCHK": "",
                    "PROGN": "",
                    "XZWHR": "",
                    "XEURO": "",
                    "FORMI": "",
                    "FORMZ": "",
                    "XWECH": "",
                    "XWANF": "",
                    "XPSKT": "",
                    "XWECS": "",
                    "BLART": "",
                    "BLARV": "",
                    "UMSKZ": "",
                    "XSWEC": "",
                    "TXTSL": "",
                    "ZLSTN": "",
                    "WLSTN": "",
                    "XZANF": "",
                    "XAKTZ": "",
                    "WEART": "",
                    "XNOPO": "",
                    "XORB": "",
                    "XIBAN": "",
                    "XNO_ACCNO": "",
                    "XSEPA": ""
                }, {
                    "MANDT": "300",
                    "LAND1": "CL",
                    "ZLSCH": "Z",
                    "TEXT1": "D. Giftcard",
                    "XBKKT": "",
                    "XSTRA": "",
                    "XEINZ": "X",
                    "XESRD": "",
                    "XPGIR": "",
                    "XEZER": "",
                    "XSCHK": "",
                    "PROGN": "",
                    "XZWHR": "",
                    "XEURO": "",
                    "FORMI": "",
                    "FORMZ": "",
                    "XWECH": "",
                    "XWANF": "",
                    "XPSKT": "",
                    "XWECS": "",
                    "BLART": "",
                    "BLARV": "",
                    "UMSKZ": "",
                    "XSWEC": "",
                    "TXTSL": "",
                    "ZLSTN": "",
                    "WLSTN": "",
                    "XZANF": "",
                    "XAKTZ": "",
                    "WEART": "",
                    "XNOPO": "",
                    "XORB": "",
                    "XIBAN": "",
                    "XNO_ACCNO": "",
                    "XSEPA": ""
                }
            ],
            "GT_T052U": [{
                    "MANDT": "300",
                    "SPRAS": "S",
                    "ZTERM": "B000",
                    "ZTAGG": "00",
                    "TEXT1": "LC a la vista (contado recibo BL)"
                }, {
                    "MANDT": "300",
                    "SPRAS": "S",
                    "ZTERM": "B030",
                    "ZTAGG": "00",
                    "TEXT1": "30 Días la fecha de BL"
                }, {
                    "MANDT": "300",
                    "SPRAS": "S",
                    "ZTERM": "B045",
                    "ZTAGG": "00",
                    "TEXT1": "45 Días fecha de BL"
                }, {
                    "MANDT": "300",
                    "SPRAS": "S",
                    "ZTERM": "B060",
                    "ZTAGG": "00",
                    "TEXT1": "60 Días fecha de BL"
                }, {
                    "MANDT": "300",
                    "SPRAS": "S",
                    "ZTERM": "B090",
                    "ZTAGG": "00",
                    "TEXT1": "90 Días fecha de BL"
                }, {
                    "MANDT": "300",
                    "SPRAS": "S",
                    "ZTERM": "B120",
                    "ZTAGG": "00",
                    "TEXT1": "120 Días fecha de BL"
                }, {
                    "MANDT": "300",
                    "SPRAS": "S",
                    "ZTERM": "B150",
                    "ZTAGG": "00",
                    "TEXT1": "150 Días desde Fecha BL (CIF)"
                }, {
                    "MANDT": "300",
                    "SPRAS": "S",
                    "ZTERM": "B180",
                    "ZTAGG": "00",
                    "TEXT1": "180 Días fecha de BL"
                }, {
                    "MANDT": "300",
                    "SPRAS": "S",
                    "ZTERM": "B270",
                    "ZTAGG": "00",
                    "TEXT1": "270 Días desde fecha BL (CIF)"
                }, {
                    "MANDT": "300",
                    "SPRAS": "S",
                    "ZTERM": "C030",
                    "ZTAGG": "00",
                    "TEXT1": "Consignación 30 días"
                }, {
                    "MANDT": "300",
                    "SPRAS": "S",
                    "ZTERM": "D120",
                    "ZTAGG": "00",
                    "TEXT1": "120 días"
                }, {
                    "MANDT": "300",
                    "SPRAS": "S",
                    "ZTERM": "D150",
                    "ZTAGG": "00",
                    "TEXT1": "150 días"
                }, {
                    "MANDT": "300",
                    "SPRAS": "S",
                    "ZTERM": "D180",
                    "ZTAGG": "00",
                    "TEXT1": "180 días"
                }, {
                    "MANDT": "300",
                    "SPRAS": "S",
                    "ZTERM": "D1CP",
                    "ZTAGG": "00",
                    "TEXT1": "1 Cuota con Pie (día y 30)"
                }, {
                    "MANDT": "300",
                    "SPRAS": "S",
                    "ZTERM": "D2CP",
                    "ZTAGG": "00",
                    "TEXT1": "2 Cuotas con Pie (día, 30 y 60)"
                }, {
                    "MANDT": "300",
                    "SPRAS": "S",
                    "ZTERM": "D2SP",
                    "ZTAGG": "00",
                    "TEXT1": "2 Cuotas Sin Pie (30 y 60)"
                }, {
                    "MANDT": "300",
                    "SPRAS": "S",
                    "ZTERM": "D365",
                    "ZTAGG": "00",
                    "TEXT1": "365 días"
                }, {
                    "MANDT": "300",
                    "SPRAS": "S",
                    "ZTERM": "D3CP",
                    "ZTAGG": "00",
                    "TEXT1": "3 Cuotas Con Pie (día, 30, 60 y 90)"
                }, {
                    "MANDT": "300",
                    "SPRAS": "S",
                    "ZTERM": "D3SP",
                    "ZTAGG": "00",
                    "TEXT1": "3 Cuotas Sin Pie (30, 60 y 90)"
                }, {
                    "MANDT": "300",
                    "SPRAS": "S",
                    "ZTERM": "D4CP",
                    "ZTAGG": "00",
                    "TEXT1": "4 Cuotas Con Pie ( día, 30, 60,90 y 120)"
                }, {
                    "MANDT": "300",
                    "SPRAS": "S",
                    "ZTERM": "D4SP",
                    "ZTAGG": "00",
                    "TEXT1": "4 Cuotas Sin Pie ( 30, 60, 90 y 120)"
                }, {
                    "MANDT": "300",
                    "SPRAS": "S",
                    "ZTERM": "D548",
                    "ZTAGG": "00",
                    "TEXT1": "548 días"
                }, {
                    "MANDT": "300",
                    "SPRAS": "S",
                    "ZTERM": "D5CP",
                    "ZTAGG": "00",
                    "TEXT1": "5 Cuotas Con Pie (día, 30, 60, 90, 120 y 150)"
                }, {
                    "MANDT": "300",
                    "SPRAS": "S",
                    "ZTERM": "D5SP",
                    "ZTAGG": "00",
                    "TEXT1": "5 Cuotas Sin Pie (30, 60, 90, 120 y 150)"
                }, {
                    "MANDT": "300",
                    "SPRAS": "S",
                    "ZTERM": "D6CP",
                    "ZTAGG": "00",
                    "TEXT1": "6 Cuotas Con Pie (día, 30, 60, 90, 120, 150 y 180)"
                }, {
                    "MANDT": "300",
                    "SPRAS": "S",
                    "ZTERM": "D6SP",
                    "ZTAGG": "00",
                    "TEXT1": "6 Cuotas Sin pie (30, 60, 90, 120, 150 y 180)"
                }, {
                    "MANDT": "300",
                    "SPRAS": "S",
                    "ZTERM": "D730",
                    "ZTAGG": "00",
                    "TEXT1": "730 días"
                }, {
                    "MANDT": "300",
                    "SPRAS": "S",
                    "ZTERM": "D8CP",
                    "ZTAGG": "00",
                    "TEXT1": "8 Cuotas Con Pie(día,30,60,90,120,150,180,210,240)"
                }, {
                    "MANDT": "300",
                    "SPRAS": "S",
                    "ZTERM": "D8SP",
                    "ZTAGG": "00",
                    "TEXT1": "8 Cuotas Sin pie(30,60,90,120,150,180,210,240)"
                }, {
                    "MANDT": "300",
                    "SPRAS": "S",
                    "ZTERM": "D995",
                    "ZTAGG": "00",
                    "TEXT1": "1095 días"
                }, {
                    "MANDT": "300",
                    "SPRAS": "S",
                    "ZTERM": "D_00",
                    "ZTAGG": "00",
                    "TEXT1": "Contado"
                }, {
                    "MANDT": "300",
                    "SPRAS": "S",
                    "ZTERM": "D_07",
                    "ZTAGG": "00",
                    "TEXT1": "7 días"
                }, {
                    "MANDT": "300",
                    "SPRAS": "S",
                    "ZTERM": "D_30",
                    "ZTAGG": "00",
                    "TEXT1": "30 días"
                }, {
                    "MANDT": "300",
                    "SPRAS": "S",
                    "ZTERM": "D_45",
                    "ZTAGG": "00",
                    "TEXT1": "45 días"
                }, {
                    "MANDT": "300",
                    "SPRAS": "S",
                    "ZTERM": "D_60",
                    "ZTAGG": "00",
                    "TEXT1": "60 días"
                }, {
                    "MANDT": "300",
                    "SPRAS": "S",
                    "ZTERM": "D_62",
                    "ZTAGG": "00",
                    "TEXT1": "62 días"
                }, {
                    "MANDT": "300",
                    "SPRAS": "S",
                    "ZTERM": "D_90",
                    "ZTAGG": "00",
                    "TEXT1": "90 días"
                }, {
                    "MANDT": "300",
                    "SPRAS": "S",
                    "ZTERM": "F110",
                    "ZTAGG": "00",
                    "TEXT1": "día 10 del primer mes de la factura"
                }, {
                    "MANDT": "300",
                    "SPRAS": "S",
                    "ZTERM": "F210",
                    "ZTAGG": "00",
                    "TEXT1": "día 10 del segundo mes de la factura"
                }, {
                    "MANDT": "300",
                    "SPRAS": "S",
                    "ZTERM": "F215",
                    "ZTAGG": "00",
                    "TEXT1": "día 15 del mes subsiguiente a la factura"
                }, {
                    "MANDT": "300",
                    "SPRAS": "S",
                    "ZTERM": "F310",
                    "ZTAGG": "00",
                    "TEXT1": "día 10 del tercer mes de la factura"
                }, {
                    "MANDT": "300",
                    "SPRAS": "S",
                    "ZTERM": "K001",
                    "ZTAGG": "00",
                    "TEXT1": "Contado"
                }, {
                    "MANDT": "300",
                    "SPRAS": "S",
                    "ZTERM": "K007",
                    "ZTAGG": "00",
                    "TEXT1": "7 Días fecha factura"
                }, {
                    "MANDT": "300",
                    "SPRAS": "S",
                    "ZTERM": "K015",
                    "ZTAGG": "00",
                    "TEXT1": "15 Días fecha factura"
                }, {
                    "MANDT": "300",
                    "SPRAS": "S",
                    "ZTERM": "K030",
                    "ZTAGG": "00",
                    "TEXT1": "Crédito 30 Días"
                }, {
                    "MANDT": "300",
                    "SPRAS": "S",
                    "ZTERM": "K045",
                    "ZTAGG": "00",
                    "TEXT1": "45 Días fecha de factura"
                }, {
                    "MANDT": "300",
                    "SPRAS": "S",
                    "ZTERM": "K060",
                    "ZTAGG": "00",
                    "TEXT1": "60 Días de factura"
                }, {
                    "MANDT": "300",
                    "SPRAS": "S",
                    "ZTERM": "K090",
                    "ZTAGG": "00",
                    "TEXT1": "90 Días desde fecha factura"
                }, {
                    "MANDT": "300",
                    "SPRAS": "S",
                    "ZTERM": "K120",
                    "ZTAGG": "00",
                    "TEXT1": "Carta de Crédito 120 días"
                }, {
                    "MANDT": "300",
                    "SPRAS": "S",
                    "ZTERM": "K150",
                    "ZTAGG": "00",
                    "TEXT1": "Carta de Crédito 150 días"
                }, {
                    "MANDT": "300",
                    "SPRAS": "S",
                    "ZTERM": "KC90",
                    "ZTAGG": "00",
                    "TEXT1": "Carta de Crédito 90 días"
                }, {
                    "MANDT": "300",
                    "SPRAS": "S",
                    "ZTERM": "KX30",
                    "ZTAGG": "00",
                    "TEXT1": "Crédito 30 días contra recepción de mercancía"
                }, {
                    "MANDT": "300",
                    "SPRAS": "S",
                    "ZTERM": "Z230",
                    "ZTAGG": "00",
                    "TEXT1": "Último día del mes siguiente"
                }
            ],
            "GT_T691C": [{
                    "MANDT": "300",
                    "SPRAS": "S",
                    "GRUPP": "G010",
                    "KKBER": "CR01",
                    "GTEXT": "Grupo CC 010"
                }
            ],
            "GT_T691T": [{
                    "MANDT": "300",
                    "SPRAS": "S",
                    "CTLPC": "VP1",
                    "KKBER": "CR01",
                    "RTEXT": "Venta Normal"
                }, {
                    "MANDT": "300",
                    "SPRAS": "S",
                    "CTLPC": "VP2",
                    "KKBER": "CR01",
                    "RTEXT": "Venta Restringida"
                }, {
                    "MANDT": "300",
                    "SPRAS": "S",
                    "CTLPC": "VP3",
                    "KKBER": "CR01",
                    "RTEXT": "Venta en Consulta"
                }, {
                    "MANDT": "300",
                    "SPRAS": "S",
                    "CTLPC": "VP4",
                    "KKBER": "CR01",
                    "RTEXT": "Venta Especial"
                }
            ]
        }
        
    },
    "ZSD_FM_CHANGE_LOCK": {
        "request":{
            "I_KKBER": "CR01",
            "I_KUNNR": "10172940-0",
            "I_CRBLB": "X",
            "format": "json",
            "sap-language": "ES"
        },
        "response":{
            "I_RETURN": {
                "TYPE": "S",
                "CODE": "00001",
                "MESSAGE": "El cliente ha sido bloqueado exitosamente.",
                "LOG_NO": "",
                "LOG_MSG_NO": "000000",
                "MESSAGE_V1": "El cliente ha sido bloqueado exitosamente.",
                "MESSAGE_V2": "",
                "MESSAGE_V3": "",
                "MESSAGE_V4": ""
            }
        }
        
    }
}
