{
    "ZPWD_072_SD_DICCIO_CONSULTA": {
        "request":{},
        "response": {
            "GT_T001": [{
                    "MANDT": "300",
                    "BUKRS": "1000",
                    "BUTXT": "SALFA",
                    "ORT01": "",
                    "LAND1": "CL",
                    "WAERS": "CLP",
                    "SPRAS": "S",
                    "KTOPL": "PC01",
                    "WAABW": "00",
                    "PERIV": "K4",
                    "KOKFI": "2",
                    "RCOMP": "SALFA",
                    "ADRNR": "0000022549",
                    "STCEG": "",
                    "FIKRS": "",
                    "XFMCO": "",
                    "XFMCB": "",
                    "XFMCA": "",
                    "TXJCD": "",
                    "FMHRDATE": "0000-00-00",
                    "BUVAR": "2",
                    "FDBUK": "",
                    "XFDIS": "X",
                    "XVALV": "X",
                    "XSKFN": "",
                    "KKBER": "CR01",
                    "XMWSN": "",
                    "MREGL": "",
                    "XGSBE": "X",
                    "XGJRV": "X",
                    "XKDFT": "",
                    "XPROD": "",
                    "XEINK": "",
                    "XJVAA": "",
                    "XVVWA": "",
                    "XSLTA": "",
                    "XFDMM": "",
                    "XFDSD": "",
                    "XEXTB": "",
                    "EBUKR": "",
                    "KTOP2": "",
                    "UMKRS": "",
                    "BUKRS_GLOB": "",
                    "FSTVA": "1000",
                    "OPVAR": "1000",
                    "XCOVR": "",
                    "TXKRS": "2",
                    "WFVAR": "",
                    "XBBBF": "",
                    "XBBBE": "",
                    "XBBBA": "",
                    "XBBKO": "",
                    "XSTDT": "X",
                    "MWSKV": "C0",
                    "MWSKA": "",
                    "IMPDA": "",
                    "XNEGP": "",
                    "XKKBI": "X",
                    "WT_NEWWT": "X",
                    "PP_PDATE": "",
                    "INFMT": "ZCL1",
                    "FSTVARE": "",
                    "KOPIM": "",
                    "DKWEG": "",
                    "OFFSACCT": "0",
                    "BAPOVAR": "",
                    "XCOS": "",
                    "XCESSION": "",
                    "XSPLT": "",
                    "SURCCM": "",
                    "DTPROV": "",
                    "DTAMTC": "",
                    "DTTAXC": "",
                    "DTTDSP": "",
                    "DTAXR": "",
                    "XVATDATE": "",
                    "PST_PER_VAR": "",
                    "XBBSC": "",
                    "F_OBSOLETE": "",
                    "FM_DERIVE_ACC": ""
                }, {
                    "MANDT": "300",
                    "BUKRS": "1003",
                    "BUTXT": "DIVESPEC",
                    "ORT01": "",
                    "LAND1": "CL",
                    "WAERS": "CLP",
                    "SPRAS": "S",
                    "KTOPL": "PC01",
                    "WAABW": "00",
                    "PERIV": "K4",
                    "KOKFI": "2",
                    "RCOMP": "SALFA",
                    "ADRNR": "0002220460",
                    "STCEG": "",
                    "FIKRS": "",
                    "XFMCO": "",
                    "XFMCB": "",
                    "XFMCA": "",
                    "TXJCD": "",
                    "FMHRDATE": "0000-00-00",
                    "BUVAR": "2",
                    "FDBUK": "",
                    "XFDIS": "X",
                    "XVALV": "X",
                    "XSKFN": "",
                    "KKBER": "CR02",
                    "XMWSN": "",
                    "MREGL": "",
                    "XGSBE": "X",
                    "XGJRV": "X",
                    "XKDFT": "",
                    "XPROD": "",
                    "XEINK": "",
                    "XJVAA": "",
                    "XVVWA": "",
                    "XSLTA": "",
                    "XFDMM": "",
                    "XFDSD": "",
                    "XEXTB": "",
                    "EBUKR": "",
                    "KTOP2": "",
                    "UMKRS": "",
                    "BUKRS_GLOB": "",
                    "FSTVA": "1000",
                    "OPVAR": "1003",
                    "XCOVR": "",
                    "TXKRS": "2",
                    "WFVAR": "",
                    "XBBBF": "",
                    "XBBBE": "",
                    "XBBBA": "",
                    "XBBKO": "",
                    "XSTDT": "X",
                    "MWSKV": "C0",
                    "MWSKA": "",
                    "IMPDA": "",
                    "XNEGP": "",
                    "XKKBI": "",
                    "WT_NEWWT": "X",
                    "PP_PDATE": "",
                    "INFMT": "ZCL1",
                    "FSTVARE": "",
                    "KOPIM": "",
                    "DKWEG": "",
                    "OFFSACCT": "0",
                    "BAPOVAR": "",
                    "XCOS": "",
                    "XCESSION": "",
                    "XSPLT": "",
                    "SURCCM": "",
                    "DTPROV": "",
                    "DTAMTC": "",
                    "DTTAXC": "",
                    "DTTDSP": "",
                    "DTAXR": "",
                    "XVATDATE": "",
                    "PST_PER_VAR": "",
                    "XBBSC": "",
                    "F_OBSOLETE": "",
                    "FM_DERIVE_ACC": ""
                }, {
                    "MANDT": "300",
                    "BUKRS": "2000",
                    "BUTXT": "ARRENDADORA",
                    "ORT01": "",
                    "LAND1": "CL",
                    "WAERS": "CLP",
                    "SPRAS": "S",
                    "KTOPL": "PC01",
                    "WAABW": "10",
                    "PERIV": "K4",
                    "KOKFI": "2",
                    "RCOMP": "SALFA",
                    "ADRNR": "0000022550",
                    "STCEG": "",
                    "FIKRS": "",
                    "XFMCO": "",
                    "XFMCB": "",
                    "XFMCA": "",
                    "TXJCD": "",
                    "FMHRDATE": "0000-00-00",
                    "BUVAR": "2",
                    "FDBUK": "",
                    "XFDIS": "X",
                    "XVALV": "X",
                    "XSKFN": "X",
                    "KKBER": "CR20",
                    "XMWSN": "X",
                    "MREGL": "",
                    "XGSBE": "X",
                    "XGJRV": "X",
                    "XKDFT": "",
                    "XPROD": "",
                    "XEINK": "",
                    "XJVAA": "",
                    "XVVWA": "",
                    "XSLTA": "",
                    "XFDMM": "",
                    "XFDSD": "",
                    "XEXTB": "",
                    "EBUKR": "",
                    "KTOP2": "",
                    "UMKRS": "",
                    "BUKRS_GLOB": "2000",
                    "FSTVA": "1000",
                    "OPVAR": "2000",
                    "XCOVR": "",
                    "TXKRS": "",
                    "WFVAR": "",
                    "XBBBF": "",
                    "XBBBE": "",
                    "XBBBA": "",
                    "XBBKO": "",
                    "XSTDT": "X",
                    "MWSKV": "C0",
                    "MWSKA": "",
                    "IMPDA": "",
                    "XNEGP": "",
                    "XKKBI": "X",
                    "WT_NEWWT": "X",
                    "PP_PDATE": "",
                    "INFMT": "CL02",
                    "FSTVARE": "",
                    "KOPIM": "",
                    "DKWEG": "",
                    "OFFSACCT": "0",
                    "BAPOVAR": "",
                    "XCOS": "",
                    "XCESSION": "",
                    "XSPLT": "X",
                    "SURCCM": "",
                    "DTPROV": "",
                    "DTAMTC": "",
                    "DTTAXC": "",
                    "DTTDSP": "",
                    "DTAXR": "",
                    "XVATDATE": "",
                    "PST_PER_VAR": "",
                    "XBBSC": "",
                    "F_OBSOLETE": "",
                    "FM_DERIVE_ACC": ""
                }, {
                    "MANDT": "300",
                    "BUKRS": "3000",
                    "BUTXT": "SERVICIOS SALFA LIMITADA",
                    "ORT01": "",
                    "LAND1": "CL",
                    "WAERS": "CLP",
                    "SPRAS": "S",
                    "KTOPL": "PC01",
                    "WAABW": "10",
                    "PERIV": "K4",
                    "KOKFI": "2",
                    "RCOMP": "SALFA",
                    "ADRNR": "0000022551",
                    "STCEG": "",
                    "FIKRS": "",
                    "XFMCO": "",
                    "XFMCB": "",
                    "XFMCA": "",
                    "TXJCD": "",
                    "FMHRDATE": "0000-00-00",
                    "BUVAR": "2",
                    "FDBUK": "",
                    "XFDIS": "X",
                    "XVALV": "X",
                    "XSKFN": "X",
                    "KKBER": "CR30",
                    "XMWSN": "X",
                    "MREGL": "",
                    "XGSBE": "X",
                    "XGJRV": "X",
                    "XKDFT": "",
                    "XPROD": "",
                    "XEINK": "",
                    "XJVAA": "",
                    "XVVWA": "",
                    "XSLTA": "",
                    "XFDMM": "",
                    "XFDSD": "",
                    "XEXTB": "",
                    "EBUKR": "",
                    "KTOP2": "",
                    "UMKRS": "",
                    "BUKRS_GLOB": "",
                    "FSTVA": "1000",
                    "OPVAR": "3000",
                    "XCOVR": "",
                    "TXKRS": "",
                    "WFVAR": "",
                    "XBBBF": "",
                    "XBBBE": "",
                    "XBBBA": "",
                    "XBBKO": "",
                    "XSTDT": "X",
                    "MWSKV": "C0",
                    "MWSKA": "",
                    "IMPDA": "",
                    "XNEGP": "",
                    "XKKBI": "X",
                    "WT_NEWWT": "X",
                    "PP_PDATE": "",
                    "INFMT": "CL02",
                    "FSTVARE": "",
                    "KOPIM": "",
                    "DKWEG": "",
                    "OFFSACCT": "0",
                    "BAPOVAR": "",
                    "XCOS": "",
                    "XCESSION": "",
                    "XSPLT": "X",
                    "SURCCM": "",
                    "DTPROV": "",
                    "DTAMTC": "",
                    "DTTAXC": "",
                    "DTTDSP": "",
                    "DTAXR": "",
                    "XVATDATE": "",
                    "PST_PER_VAR": "",
                    "XBBSC": "",
                    "F_OBSOLETE": "",
                    "FM_DERIVE_ACC": ""
                }, {
                    "MANDT": "300",
                    "BUKRS": "4000",
                    "BUTXT": "COMERCIAL SALFA",
                    "ORT01": "",
                    "LAND1": "CL",
                    "WAERS": "CLP",
                    "SPRAS": "S",
                    "KTOPL": "PC01",
                    "WAABW": "20",
                    "PERIV": "K4",
                    "KOKFI": "2",
                    "RCOMP": "SALFA",
                    "ADRNR": "0000022552",
                    "STCEG": "",
                    "FIKRS": "",
                    "XFMCO": "",
                    "XFMCB": "",
                    "XFMCA": "",
                    "TXJCD": "",
                    "FMHRDATE": "0000-00-00",
                    "BUVAR": "2",
                    "FDBUK": "",
                    "XFDIS": "X",
                    "XVALV": "X",
                    "XSKFN": "X",
                    "KKBER": "CR40",
                    "XMWSN": "X",
                    "MREGL": "",
                    "XGSBE": "X",
                    "XGJRV": "X",
                    "XKDFT": "",
                    "XPROD": "",
                    "XEINK": "",
                    "XJVAA": "",
                    "XVVWA": "",
                    "XSLTA": "",
                    "XFDMM": "",
                    "XFDSD": "",
                    "XEXTB": "",
                    "EBUKR": "",
                    "KTOP2": "",
                    "UMKRS": "",
                    "BUKRS_GLOB": "",
                    "FSTVA": "1000",
                    "OPVAR": "4000",
                    "XCOVR": "",
                    "TXKRS": "",
                    "WFVAR": "",
                    "XBBBF": "",
                    "XBBBE": "",
                    "XBBBA": "",
                    "XBBKO": "",
                    "XSTDT": "X",
                    "MWSKV": "C0",
                    "MWSKA": "",
                    "IMPDA": "",
                    "XNEGP": "",
                    "XKKBI": "X",
                    "WT_NEWWT": "X",
                    "PP_PDATE": "",
                    "INFMT": "CL02",
                    "FSTVARE": "",
                    "KOPIM": "",
                    "DKWEG": "",
                    "OFFSACCT": "0",
                    "BAPOVAR": "",
                    "XCOS": "",
                    "XCESSION": "",
                    "XSPLT": "X",
                    "SURCCM": "",
                    "DTPROV": "",
                    "DTAMTC": "",
                    "DTTAXC": "",
                    "DTTDSP": "",
                    "DTAXR": "",
                    "XVATDATE": "",
                    "PST_PER_VAR": "",
                    "XBBSC": "",
                    "F_OBSOLETE": "",
                    "FM_DERIVE_ACC": ""
                }, {
                    "MANDT": "300",
                    "BUKRS": "5000",
                    "BUTXT": "INVERSIONES SALFA",
                    "ORT01": "",
                    "LAND1": "CL",
                    "WAERS": "CLP",
                    "SPRAS": "S",
                    "KTOPL": "PC01",
                    "WAABW": "10",
                    "PERIV": "K4",
                    "KOKFI": "2",
                    "RCOMP": "SALFA",
                    "ADRNR": "0000022553",
                    "STCEG": "",
                    "FIKRS": "",
                    "XFMCO": "",
                    "XFMCB": "",
                    "XFMCA": "",
                    "TXJCD": "",
                    "FMHRDATE": "0000-00-00",
                    "BUVAR": "2",
                    "FDBUK": "",
                    "XFDIS": "X",
                    "XVALV": "X",
                    "XSKFN": "X",
                    "KKBER": "CR50",
                    "XMWSN": "X",
                    "MREGL": "",
                    "XGSBE": "X",
                    "XGJRV": "X",
                    "XKDFT": "",
                    "XPROD": "",
                    "XEINK": "",
                    "XJVAA": "",
                    "XVVWA": "",
                    "XSLTA": "",
                    "XFDMM": "",
                    "XFDSD": "",
                    "XEXTB": "",
                    "EBUKR": "",
                    "KTOP2": "",
                    "UMKRS": "",
                    "BUKRS_GLOB": "",
                    "FSTVA": "1000",
                    "OPVAR": "5000",
                    "XCOVR": "",
                    "TXKRS": "",
                    "WFVAR": "",
                    "XBBBF": "",
                    "XBBBE": "",
                    "XBBBA": "",
                    "XBBKO": "",
                    "XSTDT": "X",
                    "MWSKV": "C0",
                    "MWSKA": "",
                    "IMPDA": "",
                    "XNEGP": "",
                    "XKKBI": "X",
                    "WT_NEWWT": "X",
                    "PP_PDATE": "",
                    "INFMT": "CL02",
                    "FSTVARE": "",
                    "KOPIM": "",
                    "DKWEG": "",
                    "OFFSACCT": "0",
                    "BAPOVAR": "",
                    "XCOS": "",
                    "XCESSION": "",
                    "XSPLT": "X",
                    "SURCCM": "",
                    "DTPROV": "",
                    "DTAMTC": "",
                    "DTTAXC": "",
                    "DTTDSP": "",
                    "DTAXR": "",
                    "XVATDATE": "",
                    "PST_PER_VAR": "",
                    "XBBSC": "",
                    "F_OBSOLETE": "",
                    "FM_DERIVE_ACC": ""
                }, {
                    "MANDT": "300",
                    "BUKRS": "6000",
                    "BUTXT": "INVERSIONES AUTOMOTRICES",
                    "ORT01": "",
                    "LAND1": "CL",
                    "WAERS": "CLP",
                    "SPRAS": "S",
                    "KTOPL": "PC01",
                    "WAABW": "10",
                    "PERIV": "K4",
                    "KOKFI": "2",
                    "RCOMP": "SALFA",
                    "ADRNR": "0000022554",
                    "STCEG": "",
                    "FIKRS": "",
                    "XFMCO": "",
                    "XFMCB": "",
                    "XFMCA": "",
                    "TXJCD": "",
                    "FMHRDATE": "0000-00-00",
                    "BUVAR": "2",
                    "FDBUK": "",
                    "XFDIS": "X",
                    "XVALV": "X",
                    "XSKFN": "X",
                    "KKBER": "CR60",
                    "XMWSN": "X",
                    "MREGL": "",
                    "XGSBE": "X",
                    "XGJRV": "X",
                    "XKDFT": "",
                    "XPROD": "",
                    "XEINK": "",
                    "XJVAA": "",
                    "XVVWA": "",
                    "XSLTA": "",
                    "XFDMM": "",
                    "XFDSD": "",
                    "XEXTB": "",
                    "EBUKR": "",
                    "KTOP2": "",
                    "UMKRS": "",
                    "BUKRS_GLOB": "",
                    "FSTVA": "1000",
                    "OPVAR": "6000",
                    "XCOVR": "",
                    "TXKRS": "",
                    "WFVAR": "",
                    "XBBBF": "",
                    "XBBBE": "",
                    "XBBBA": "",
                    "XBBKO": "",
                    "XSTDT": "X",
                    "MWSKV": "C0",
                    "MWSKA": "",
                    "IMPDA": "",
                    "XNEGP": "",
                    "XKKBI": "X",
                    "WT_NEWWT": "X",
                    "PP_PDATE": "",
                    "INFMT": "CL02",
                    "FSTVARE": "",
                    "KOPIM": "",
                    "DKWEG": "",
                    "OFFSACCT": "0",
                    "BAPOVAR": "",
                    "XCOS": "",
                    "XCESSION": "",
                    "XSPLT": "X",
                    "SURCCM": "",
                    "DTPROV": "",
                    "DTAMTC": "",
                    "DTTAXC": "",
                    "DTTDSP": "",
                    "DTAXR": "",
                    "XVATDATE": "",
                    "PST_PER_VAR": "",
                    "XBBSC": "",
                    "F_OBSOLETE": "",
                    "FM_DERIVE_ACC": ""
                }, {
                    "MANDT": "300",
                    "BUKRS": "7000",
                    "BUTXT": "SALFA CAPACITACION LTDA",
                    "ORT01": "",
                    "LAND1": "CL",
                    "WAERS": "CLP",
                    "SPRAS": "S",
                    "KTOPL": "PC01",
                    "WAABW": "00",
                    "PERIV": "K4",
                    "KOKFI": "2",
                    "RCOMP": "SALFA",
                    "ADRNR": "0000453662",
                    "STCEG": "",
                    "FIKRS": "",
                    "XFMCO": "",
                    "XFMCB": "",
                    "XFMCA": "",
                    "TXJCD": "",
                    "FMHRDATE": "0000-00-00",
                    "BUVAR": "2",
                    "FDBUK": "",
                    "XFDIS": "X",
                    "XVALV": "X",
                    "XSKFN": "",
                    "KKBER": "CR70",
                    "XMWSN": "",
                    "MREGL": "",
                    "XGSBE": "X",
                    "XGJRV": "X",
                    "XKDFT": "",
                    "XPROD": "",
                    "XEINK": "",
                    "XJVAA": "",
                    "XVVWA": "",
                    "XSLTA": "",
                    "XFDMM": "",
                    "XFDSD": "",
                    "XEXTB": "",
                    "EBUKR": "",
                    "KTOP2": "",
                    "UMKRS": "",
                    "BUKRS_GLOB": "",
                    "FSTVA": "1000",
                    "OPVAR": "7000",
                    "XCOVR": "",
                    "TXKRS": "2",
                    "WFVAR": "",
                    "XBBBF": "",
                    "XBBBE": "",
                    "XBBBA": "",
                    "XBBKO": "",
                    "XSTDT": "X",
                    "MWSKV": "C0",
                    "MWSKA": "",
                    "IMPDA": "",
                    "XNEGP": "",
                    "XKKBI": "X",
                    "WT_NEWWT": "X",
                    "PP_PDATE": "",
                    "INFMT": "ZCL1",
                    "FSTVARE": "",
                    "KOPIM": "",
                    "DKWEG": "",
                    "OFFSACCT": "0",
                    "BAPOVAR": "",
                    "XCOS": "",
                    "XCESSION": "",
                    "XSPLT": "",
                    "SURCCM": "",
                    "DTPROV": "",
                    "DTAMTC": "",
                    "DTTAXC": "",
                    "DTTDSP": "",
                    "DTAXR": "",
                    "XVATDATE": "",
                    "PST_PER_VAR": "",
                    "XBBSC": "",
                    "F_OBSOLETE": "",
                    "FM_DERIVE_ACC": ""
                }
            ],
            "GT_T014T": [],
            "GT_TRAS": [{
                    "MANDT": "300",
                    "RASID": "VN01",
                    "LTEXT": "Vencimiento VN 0\\19\\59\\999",
                    "BZDAT": "2",
                    "TAGE1": "019",
                    "TAGE2": "059",
                    "TAGE3": "000",
                    "TAGE4": "000",
                    "TAGE5": "000"
                }, {
                    "MANDT": "300",
                    "RASID": "VN02",
                    "LTEXT": "Vencimiento VN 20\\45\\60\\90\\120",
                    "BZDAT": "2",
                    "TAGE1": "020",
                    "TAGE2": "045",
                    "TAGE3": "060",
                    "TAGE4": "090",
                    "TAGE5": "120"
                }
            ]
        }
    },
    "ZSD_FM_DICCIO_CONSULTA": {
        "request": {},
        "response": {
            "GT_T001": [{
                    "MANDT": "300",
                    "BUKRS": "1000",
                    "BUTXT": "SALFA",
                    "ORT01": "",
                    "LAND1": "CL",
                    "WAERS": "CLP",
                    "SPRAS": "S",
                    "KTOPL": "PC01",
                    "WAABW": "00",
                    "PERIV": "K4",
                    "KOKFI": "2",
                    "RCOMP": "SALFA",
                    "ADRNR": "0000022549",
                    "STCEG": "",
                    "FIKRS": "",
                    "XFMCO": "",
                    "XFMCB": "",
                    "XFMCA": "",
                    "TXJCD": "",
                    "FMHRDATE": "0000-00-00",
                    "BUVAR": "2",
                    "FDBUK": "",
                    "XFDIS": "X",
                    "XVALV": "X",
                    "XSKFN": "",
                    "KKBER": "CR01",
                    "XMWSN": "",
                    "MREGL": "",
                    "XGSBE": "X",
                    "XGJRV": "X",
                    "XKDFT": "",
                    "XPROD": "",
                    "XEINK": "",
                    "XJVAA": "",
                    "XVVWA": "",
                    "XSLTA": "",
                    "XFDMM": "",
                    "XFDSD": "",
                    "XEXTB": "",
                    "EBUKR": "",
                    "KTOP2": "",
                    "UMKRS": "",
                    "BUKRS_GLOB": "",
                    "FSTVA": "1000",
                    "OPVAR": "1000",
                    "XCOVR": "",
                    "TXKRS": "2",
                    "WFVAR": "",
                    "XBBBF": "",
                    "XBBBE": "",
                    "XBBBA": "",
                    "XBBKO": "",
                    "XSTDT": "X",
                    "MWSKV": "C0",
                    "MWSKA": "",
                    "IMPDA": "",
                    "XNEGP": "",
                    "XKKBI": "X",
                    "WT_NEWWT": "X",
                    "PP_PDATE": "",
                    "INFMT": "ZCL1",
                    "FSTVARE": "",
                    "KOPIM": "",
                    "DKWEG": "",
                    "OFFSACCT": "0",
                    "BAPOVAR": "",
                    "XCOS": "",
                    "XCESSION": "",
                    "XSPLT": "",
                    "SURCCM": "",
                    "DTPROV": "",
                    "DTAMTC": "",
                    "DTTAXC": "",
                    "DTTDSP": "",
                    "DTAXR": "",
                    "XVATDATE": "",
                    "PST_PER_VAR": "",
                    "XBBSC": "",
                    "F_OBSOLETE": "",
                    "FM_DERIVE_ACC": ""
                }, {
                    "MANDT": "300",
                    "BUKRS": "1003",
                    "BUTXT": "DIVESPEC",
                    "ORT01": "",
                    "LAND1": "CL",
                    "WAERS": "CLP",
                    "SPRAS": "S",
                    "KTOPL": "PC01",
                    "WAABW": "00",
                    "PERIV": "K4",
                    "KOKFI": "2",
                    "RCOMP": "SALFA",
                    "ADRNR": "0002220460",
                    "STCEG": "",
                    "FIKRS": "",
                    "XFMCO": "",
                    "XFMCB": "",
                    "XFMCA": "",
                    "TXJCD": "",
                    "FMHRDATE": "0000-00-00",
                    "BUVAR": "2",
                    "FDBUK": "",
                    "XFDIS": "X",
                    "XVALV": "X",
                    "XSKFN": "",
                    "KKBER": "CR02",
                    "XMWSN": "",
                    "MREGL": "",
                    "XGSBE": "X",
                    "XGJRV": "X",
                    "XKDFT": "",
                    "XPROD": "",
                    "XEINK": "",
                    "XJVAA": "",
                    "XVVWA": "",
                    "XSLTA": "",
                    "XFDMM": "",
                    "XFDSD": "",
                    "XEXTB": "",
                    "EBUKR": "",
                    "KTOP2": "",
                    "UMKRS": "",
                    "BUKRS_GLOB": "",
                    "FSTVA": "1000",
                    "OPVAR": "1003",
                    "XCOVR": "",
                    "TXKRS": "2",
                    "WFVAR": "",
                    "XBBBF": "",
                    "XBBBE": "",
                    "XBBBA": "",
                    "XBBKO": "",
                    "XSTDT": "X",
                    "MWSKV": "C0",
                    "MWSKA": "",
                    "IMPDA": "",
                    "XNEGP": "",
                    "XKKBI": "",
                    "WT_NEWWT": "X",
                    "PP_PDATE": "",
                    "INFMT": "ZCL1",
                    "FSTVARE": "",
                    "KOPIM": "",
                    "DKWEG": "",
                    "OFFSACCT": "0",
                    "BAPOVAR": "",
                    "XCOS": "",
                    "XCESSION": "",
                    "XSPLT": "",
                    "SURCCM": "",
                    "DTPROV": "",
                    "DTAMTC": "",
                    "DTTAXC": "",
                    "DTTDSP": "",
                    "DTAXR": "",
                    "XVATDATE": "",
                    "PST_PER_VAR": "",
                    "XBBSC": "",
                    "F_OBSOLETE": "",
                    "FM_DERIVE_ACC": ""
                }, {
                    "MANDT": "300",
                    "BUKRS": "2000",
                    "BUTXT": "ARRENDADORA",
                    "ORT01": "",
                    "LAND1": "CL",
                    "WAERS": "CLP",
                    "SPRAS": "S",
                    "KTOPL": "PC01",
                    "WAABW": "10",
                    "PERIV": "K4",
                    "KOKFI": "2",
                    "RCOMP": "SALFA",
                    "ADRNR": "0000022550",
                    "STCEG": "",
                    "FIKRS": "",
                    "XFMCO": "",
                    "XFMCB": "",
                    "XFMCA": "",
                    "TXJCD": "",
                    "FMHRDATE": "0000-00-00",
                    "BUVAR": "2",
                    "FDBUK": "",
                    "XFDIS": "X",
                    "XVALV": "X",
                    "XSKFN": "X",
                    "KKBER": "CR20",
                    "XMWSN": "X",
                    "MREGL": "",
                    "XGSBE": "X",
                    "XGJRV": "X",
                    "XKDFT": "",
                    "XPROD": "",
                    "XEINK": "",
                    "XJVAA": "",
                    "XVVWA": "",
                    "XSLTA": "",
                    "XFDMM": "",
                    "XFDSD": "",
                    "XEXTB": "",
                    "EBUKR": "",
                    "KTOP2": "",
                    "UMKRS": "",
                    "BUKRS_GLOB": "2000",
                    "FSTVA": "1000",
                    "OPVAR": "2000",
                    "XCOVR": "",
                    "TXKRS": "",
                    "WFVAR": "",
                    "XBBBF": "",
                    "XBBBE": "",
                    "XBBBA": "",
                    "XBBKO": "",
                    "XSTDT": "X",
                    "MWSKV": "C0",
                    "MWSKA": "",
                    "IMPDA": "",
                    "XNEGP": "",
                    "XKKBI": "X",
                    "WT_NEWWT": "X",
                    "PP_PDATE": "",
                    "INFMT": "CL02",
                    "FSTVARE": "",
                    "KOPIM": "",
                    "DKWEG": "",
                    "OFFSACCT": "0",
                    "BAPOVAR": "",
                    "XCOS": "",
                    "XCESSION": "",
                    "XSPLT": "X",
                    "SURCCM": "",
                    "DTPROV": "",
                    "DTAMTC": "",
                    "DTTAXC": "",
                    "DTTDSP": "",
                    "DTAXR": "",
                    "XVATDATE": "",
                    "PST_PER_VAR": "",
                    "XBBSC": "",
                    "F_OBSOLETE": "",
                    "FM_DERIVE_ACC": ""
                }, {
                    "MANDT": "300",
                    "BUKRS": "3000",
                    "BUTXT": "SERVICIOS SALFA LIMITADA",
                    "ORT01": "",
                    "LAND1": "CL",
                    "WAERS": "CLP",
                    "SPRAS": "S",
                    "KTOPL": "PC01",
                    "WAABW": "10",
                    "PERIV": "K4",
                    "KOKFI": "2",
                    "RCOMP": "SALFA",
                    "ADRNR": "0000022551",
                    "STCEG": "",
                    "FIKRS": "",
                    "XFMCO": "",
                    "XFMCB": "",
                    "XFMCA": "",
                    "TXJCD": "",
                    "FMHRDATE": "0000-00-00",
                    "BUVAR": "2",
                    "FDBUK": "",
                    "XFDIS": "X",
                    "XVALV": "X",
                    "XSKFN": "X",
                    "KKBER": "CR30",
                    "XMWSN": "X",
                    "MREGL": "",
                    "XGSBE": "X",
                    "XGJRV": "X",
                    "XKDFT": "",
                    "XPROD": "",
                    "XEINK": "",
                    "XJVAA": "",
                    "XVVWA": "",
                    "XSLTA": "",
                    "XFDMM": "",
                    "XFDSD": "",
                    "XEXTB": "",
                    "EBUKR": "",
                    "KTOP2": "",
                    "UMKRS": "",
                    "BUKRS_GLOB": "",
                    "FSTVA": "1000",
                    "OPVAR": "3000",
                    "XCOVR": "",
                    "TXKRS": "",
                    "WFVAR": "",
                    "XBBBF": "",
                    "XBBBE": "",
                    "XBBBA": "",
                    "XBBKO": "",
                    "XSTDT": "X",
                    "MWSKV": "C0",
                    "MWSKA": "",
                    "IMPDA": "",
                    "XNEGP": "",
                    "XKKBI": "X",
                    "WT_NEWWT": "X",
                    "PP_PDATE": "",
                    "INFMT": "CL02",
                    "FSTVARE": "",
                    "KOPIM": "",
                    "DKWEG": "",
                    "OFFSACCT": "0",
                    "BAPOVAR": "",
                    "XCOS": "",
                    "XCESSION": "",
                    "XSPLT": "X",
                    "SURCCM": "",
                    "DTPROV": "",
                    "DTAMTC": "",
                    "DTTAXC": "",
                    "DTTDSP": "",
                    "DTAXR": "",
                    "XVATDATE": "",
                    "PST_PER_VAR": "",
                    "XBBSC": "",
                    "F_OBSOLETE": "",
                    "FM_DERIVE_ACC": ""
                }, {
                    "MANDT": "300",
                    "BUKRS": "4000",
                    "BUTXT": "COMERCIAL SALFA",
                    "ORT01": "",
                    "LAND1": "CL",
                    "WAERS": "CLP",
                    "SPRAS": "S",
                    "KTOPL": "PC01",
                    "WAABW": "20",
                    "PERIV": "K4",
                    "KOKFI": "2",
                    "RCOMP": "SALFA",
                    "ADRNR": "0000022552",
                    "STCEG": "",
                    "FIKRS": "",
                    "XFMCO": "",
                    "XFMCB": "",
                    "XFMCA": "",
                    "TXJCD": "",
                    "FMHRDATE": "0000-00-00",
                    "BUVAR": "2",
                    "FDBUK": "",
                    "XFDIS": "X",
                    "XVALV": "X",
                    "XSKFN": "X",
                    "KKBER": "CR40",
                    "XMWSN": "X",
                    "MREGL": "",
                    "XGSBE": "X",
                    "XGJRV": "X",
                    "XKDFT": "",
                    "XPROD": "",
                    "XEINK": "",
                    "XJVAA": "",
                    "XVVWA": "",
                    "XSLTA": "",
                    "XFDMM": "",
                    "XFDSD": "",
                    "XEXTB": "",
                    "EBUKR": "",
                    "KTOP2": "",
                    "UMKRS": "",
                    "BUKRS_GLOB": "",
                    "FSTVA": "1000",
                    "OPVAR": "4000",
                    "XCOVR": "",
                    "TXKRS": "",
                    "WFVAR": "",
                    "XBBBF": "",
                    "XBBBE": "",
                    "XBBBA": "",
                    "XBBKO": "",
                    "XSTDT": "X",
                    "MWSKV": "C0",
                    "MWSKA": "",
                    "IMPDA": "",
                    "XNEGP": "",
                    "XKKBI": "X",
                    "WT_NEWWT": "X",
                    "PP_PDATE": "",
                    "INFMT": "CL02",
                    "FSTVARE": "",
                    "KOPIM": "",
                    "DKWEG": "",
                    "OFFSACCT": "0",
                    "BAPOVAR": "",
                    "XCOS": "",
                    "XCESSION": "",
                    "XSPLT": "X",
                    "SURCCM": "",
                    "DTPROV": "",
                    "DTAMTC": "",
                    "DTTAXC": "",
                    "DTTDSP": "",
                    "DTAXR": "",
                    "XVATDATE": "",
                    "PST_PER_VAR": "",
                    "XBBSC": "",
                    "F_OBSOLETE": "",
                    "FM_DERIVE_ACC": ""
                }, {
                    "MANDT": "300",
                    "BUKRS": "5000",
                    "BUTXT": "INVERSIONES SALFA",
                    "ORT01": "",
                    "LAND1": "CL",
                    "WAERS": "CLP",
                    "SPRAS": "S",
                    "KTOPL": "PC01",
                    "WAABW": "10",
                    "PERIV": "K4",
                    "KOKFI": "2",
                    "RCOMP": "SALFA",
                    "ADRNR": "0000022553",
                    "STCEG": "",
                    "FIKRS": "",
                    "XFMCO": "",
                    "XFMCB": "",
                    "XFMCA": "",
                    "TXJCD": "",
                    "FMHRDATE": "0000-00-00",
                    "BUVAR": "2",
                    "FDBUK": "",
                    "XFDIS": "X",
                    "XVALV": "X",
                    "XSKFN": "X",
                    "KKBER": "CR50",
                    "XMWSN": "X",
                    "MREGL": "",
                    "XGSBE": "X",
                    "XGJRV": "X",
                    "XKDFT": "",
                    "XPROD": "",
                    "XEINK": "",
                    "XJVAA": "",
                    "XVVWA": "",
                    "XSLTA": "",
                    "XFDMM": "",
                    "XFDSD": "",
                    "XEXTB": "",
                    "EBUKR": "",
                    "KTOP2": "",
                    "UMKRS": "",
                    "BUKRS_GLOB": "",
                    "FSTVA": "1000",
                    "OPVAR": "5000",
                    "XCOVR": "",
                    "TXKRS": "",
                    "WFVAR": "",
                    "XBBBF": "",
                    "XBBBE": "",
                    "XBBBA": "",
                    "XBBKO": "",
                    "XSTDT": "X",
                    "MWSKV": "C0",
                    "MWSKA": "",
                    "IMPDA": "",
                    "XNEGP": "",
                    "XKKBI": "X",
                    "WT_NEWWT": "X",
                    "PP_PDATE": "",
                    "INFMT": "CL02",
                    "FSTVARE": "",
                    "KOPIM": "",
                    "DKWEG": "",
                    "OFFSACCT": "0",
                    "BAPOVAR": "",
                    "XCOS": "",
                    "XCESSION": "",
                    "XSPLT": "X",
                    "SURCCM": "",
                    "DTPROV": "",
                    "DTAMTC": "",
                    "DTTAXC": "",
                    "DTTDSP": "",
                    "DTAXR": "",
                    "XVATDATE": "",
                    "PST_PER_VAR": "",
                    "XBBSC": "",
                    "F_OBSOLETE": "",
                    "FM_DERIVE_ACC": ""
                }, {
                    "MANDT": "300",
                    "BUKRS": "6000",
                    "BUTXT": "INVERSIONES AUTOMOTRICES",
                    "ORT01": "",
                    "LAND1": "CL",
                    "WAERS": "CLP",
                    "SPRAS": "S",
                    "KTOPL": "PC01",
                    "WAABW": "10",
                    "PERIV": "K4",
                    "KOKFI": "2",
                    "RCOMP": "SALFA",
                    "ADRNR": "0000022554",
                    "STCEG": "",
                    "FIKRS": "",
                    "XFMCO": "",
                    "XFMCB": "",
                    "XFMCA": "",
                    "TXJCD": "",
                    "FMHRDATE": "0000-00-00",
                    "BUVAR": "2",
                    "FDBUK": "",
                    "XFDIS": "X",
                    "XVALV": "X",
                    "XSKFN": "X",
                    "KKBER": "CR60",
                    "XMWSN": "X",
                    "MREGL": "",
                    "XGSBE": "X",
                    "XGJRV": "X",
                    "XKDFT": "",
                    "XPROD": "",
                    "XEINK": "",
                    "XJVAA": "",
                    "XVVWA": "",
                    "XSLTA": "",
                    "XFDMM": "",
                    "XFDSD": "",
                    "XEXTB": "",
                    "EBUKR": "",
                    "KTOP2": "",
                    "UMKRS": "",
                    "BUKRS_GLOB": "",
                    "FSTVA": "1000",
                    "OPVAR": "6000",
                    "XCOVR": "",
                    "TXKRS": "",
                    "WFVAR": "",
                    "XBBBF": "",
                    "XBBBE": "",
                    "XBBBA": "",
                    "XBBKO": "",
                    "XSTDT": "X",
                    "MWSKV": "C0",
                    "MWSKA": "",
                    "IMPDA": "",
                    "XNEGP": "",
                    "XKKBI": "X",
                    "WT_NEWWT": "X",
                    "PP_PDATE": "",
                    "INFMT": "CL02",
                    "FSTVARE": "",
                    "KOPIM": "",
                    "DKWEG": "",
                    "OFFSACCT": "0",
                    "BAPOVAR": "",
                    "XCOS": "",
                    "XCESSION": "",
                    "XSPLT": "X",
                    "SURCCM": "",
                    "DTPROV": "",
                    "DTAMTC": "",
                    "DTTAXC": "",
                    "DTTDSP": "",
                    "DTAXR": "",
                    "XVATDATE": "",
                    "PST_PER_VAR": "",
                    "XBBSC": "",
                    "F_OBSOLETE": "",
                    "FM_DERIVE_ACC": ""
                }, {
                    "MANDT": "300",
                    "BUKRS": "7000",
                    "BUTXT": "SALFA CAPACITACION LTDA",
                    "ORT01": "",
                    "LAND1": "CL",
                    "WAERS": "CLP",
                    "SPRAS": "S",
                    "KTOPL": "PC01",
                    "WAABW": "00",
                    "PERIV": "K4",
                    "KOKFI": "2",
                    "RCOMP": "SALFA",
                    "ADRNR": "0000453662",
                    "STCEG": "",
                    "FIKRS": "",
                    "XFMCO": "",
                    "XFMCB": "",
                    "XFMCA": "",
                    "TXJCD": "",
                    "FMHRDATE": "0000-00-00",
                    "BUVAR": "2",
                    "FDBUK": "",
                    "XFDIS": "X",
                    "XVALV": "X",
                    "XSKFN": "",
                    "KKBER": "CR70",
                    "XMWSN": "",
                    "MREGL": "",
                    "XGSBE": "X",
                    "XGJRV": "X",
                    "XKDFT": "",
                    "XPROD": "",
                    "XEINK": "",
                    "XJVAA": "",
                    "XVVWA": "",
                    "XSLTA": "",
                    "XFDMM": "",
                    "XFDSD": "",
                    "XEXTB": "",
                    "EBUKR": "",
                    "KTOP2": "",
                    "UMKRS": "",
                    "BUKRS_GLOB": "",
                    "FSTVA": "1000",
                    "OPVAR": "7000",
                    "XCOVR": "",
                    "TXKRS": "2",
                    "WFVAR": "",
                    "XBBBF": "",
                    "XBBBE": "",
                    "XBBBA": "",
                    "XBBKO": "",
                    "XSTDT": "X",
                    "MWSKV": "C0",
                    "MWSKA": "",
                    "IMPDA": "",
                    "XNEGP": "",
                    "XKKBI": "X",
                    "WT_NEWWT": "X",
                    "PP_PDATE": "",
                    "INFMT": "ZCL1",
                    "FSTVARE": "",
                    "KOPIM": "",
                    "DKWEG": "",
                    "OFFSACCT": "0",
                    "BAPOVAR": "",
                    "XCOS": "",
                    "XCESSION": "",
                    "XSPLT": "",
                    "SURCCM": "",
                    "DTPROV": "",
                    "DTAMTC": "",
                    "DTTAXC": "",
                    "DTTDSP": "",
                    "DTAXR": "",
                    "XVATDATE": "",
                    "PST_PER_VAR": "",
                    "XBBSC": "",
                    "F_OBSOLETE": "",
                    "FM_DERIVE_ACC": ""
                }
            ],
            "GT_T014T": [{
                    "MANDT": "",
                    "SPRAS": "",
                    "KKBER": "CR01",
                    "KKBTX": "Salfa no Seriados"
                }, {
                    "MANDT": "",
                    "SPRAS": "",
                    "KKBER": "CR02",
                    "KKBTX": "Salfa Seriados"
                }, {
                    "MANDT": "",
                    "SPRAS": "",
                    "KKBER": "CR03",
                    "KKBTX": "Maquinaria Agrícola"
                }, {
                    "MANDT": "",
                    "SPRAS": "",
                    "KKBER": "CR10",
                    "KKBTX": "Salfa N&B"
                }, {
                    "MANDT": "",
                    "SPRAS": "",
                    "KKBER": "CR20",
                    "KKBTX": "Leasing Operativo"
                }, {
                    "MANDT": "",
                    "SPRAS": "",
                    "KKBER": "CR21",
                    "KKBTX": "Rent A Car Diario"
                }, {
                    "MANDT": "",
                    "SPRAS": "",
                    "KKBER": "CR22",
                    "KKBTX": "Rental Maquinaria"
                }, {
                    "MANDT": "",
                    "SPRAS": "",
                    "KKBER": "CR30",
                    "KKBTX": "Servicios y Arriendos"
                }, {
                    "MANDT": "",
                    "SPRAS": "",
                    "KKBER": "CR40",
                    "KKBTX": "Comercial Salfa"
                }, {
                    "MANDT": "",
                    "SPRAS": "",
                    "KKBER": "CR50",
                    "KKBTX": "Inversiones Salfa"
                }, {
                    "MANDT": "",
                    "SPRAS": "",
                    "KKBER": "CR60",
                    "KKBTX": "Inversiones Automotrices"
                }, {
                    "MANDT": "",
                    "SPRAS": "",
                    "KKBER": "CR80",
                    "KKBTX": "Repuestos"
                }, {
                    "MANDT": "",
                    "SPRAS": "",
                    "KKBER": "CR90",
                    "KKBTX": "SmartyCar"
                }
            ]
        }        
    }
}