{
  "Component.js": 1655750648727,
  "model/data3.json": 1655835407972,
  "model/data2.json": 1655824905054,
  "model/data.json": 1655760514031,
  "manifest.json": 1655913422263,
  "utils/validator.js": 1655751778307,
  "utils/utils.js": 1655743126076,
  "model/models.js": 1655759912219,
  "controller/View1.controller.js": 1655913295596,
  "i18n/i18n.properties": 1655740600775,
  "manifest-bundle.zip": 1655913421599,
  "Component-preload.js": 1655913422161,
  "utils/validator-dbg.js": 1655751778307,
  "utils/utils-dbg.js": 1655743126076,
  "model/models-dbg.js": 1655759912219,
  "controller/View1-dbg.controller.js": 1655913295596,
  "Component-dbg.js": 1655750648727,
  "resources.json": 1655913422266,
  "view/View1.view.xml": 1655751690275,
  "css/style.css": 1655740600775,
  "index.html": 1655740600771
}